video_name,predicted_class
video_1000,5
video_100051,18
video_100065,7
video_100078,30
video_100121,23
video_100164,14
video_100187,3
video_100195,30
video_100218,10
video_100219,10
video_100237,31
video_100249,10
video_100288,4
video_100315,5
video_100347,7
video_100445,3
video_100461,9
video_100490,22
video_100530,23
video_100557,3
video_100566,10
video_100581,18
video_100599,23
video_10064,30
video_100656,1
video_100766,29
video_10077,10
video_100827,1
video_100837,31
video_100865,22
video_100879,28
video_100889,8
video_10090,4
video_100934,12
video_101005,4
video_101012,30
video_101046,5
video_101051,10
video_101062,24
video_101174,32
video_101183,4
video_101229,28
video_101240,24
video_10125,8
video_101261,1
video_101298,25
video_101370,4
video_101401,28
video_101481,12
video_101514,28
video_101532,24
video_101559,10
video_101631,8
video_101665,12
video_101697,10
video_101722,9
video_101797,7
video_101814,10
video_101828,10
video_101854,24
video_101907,4
video_101908,30
video_101913,22
video_101922,31
video_101937,3
video_101978,10
video_101988,12
video_102053,1
video_102145,5
video_102185,0
video_10221,32
video_102257,9
video_102285,13
video_102323,10
video_102327,6
video_102333,0
video_102350,12
video_102367,7
video_102379,5
video_102396,3
video_102397,1
video_102471,1
video_102482,29
video_102495,7
video_10257,12
video_102598,28
video_102607,3
video_102636,7
video_102649,31
video_102695,29
video_102703,28
video_102747,8
video_10275,3
video_102769,5
video_102770,3
video_102799,1
video_102811,31
video_102832,4
video_102833,7
video_102871,8
video_102920,30
video_10294,28
video_102950,12
video_102977,6
video_102991,19
video_102996,32
video_103017,21
video_103028,12
video_103043,18
video_103045,7
video_103064,18
video_103120,1
video_103152,5
video_103155,2
video_103189,30
video_103288,3
video_103305,31
video_10331,30
video_103381,10
video_103439,4
video_103447,16
video_103491,9
video_103495,23
video_103511,23
video_103525,1
video_103534,5
video_103593,31
video_103684,0
video_103777,32
video_103789,6
video_10381,22
video_103815,3
video_103896,22
video_103914,9
video_103917,23
video_103923,29
video_103949,3
video_103960,28
video_103999,2
video_104062,11
video_104089,1
video_104098,28
video_104180,32
video_104201,4
video_104205,15
video_104233,14
video_104277,3
video_104331,1
video_104339,28
video_104363,7
video_10438,18
video_104386,24
video_104410,19
video_104414,8
video_104416,9
video_104424,31
video_10448,10
video_104482,30
video_104488,2
video_104516,9
video_104523,8
video_10455,0
video_104560,9
video_104592,28
video_104598,29
video_104602,28
video_104636,30
video_10465,1
video_104660,30
video_104734,8
video_104737,10
video_104755,32
video_104758,9
video_104762,11
video_104876,22
video_104880,28
video_104892,2
video_1049,12
video_104943,28
video_105004,3
video_105058,7
video_105082,30
video_105133,3
video_105141,9
video_105154,31
video_105187,24
video_105204,9
video_105280,9
video_105337,25
video_105364,12
video_105485,6
video_105550,18
video_105554,14
video_105563,5
video_10565,28
video_105653,2
video_105657,30
video_105670,10
video_105674,29
video_105738,28
video_10581,10
video_105855,24
video_105876,0
video_105904,29
video_105907,5
video_105933,9
video_105980,6
video_106008,1
video_10602,32
video_106065,5
video_106066,1
video_106121,24
video_106128,10
video_106153,10
video_106158,6
video_106201,14
video_106205,11
video_106226,29
video_106234,30
video_106299,10
video_106385,8
video_106464,6
video_106569,1
video_106589,15
video_106649,10
video_106690,6
video_106695,3
video_106768,30
video_106793,30
video_106868,18
video_106893,12
video_106897,21
video_106938,0
video_106969,0
video_106981,22
video_106982,4
video_10701,31
video_107027,18
video_107049,29
video_10705,1
video_107055,8
video_107056,21
video_107093,8
video_107124,23
video_107193,2
video_107200,32
video_107210,29
video_107220,7
video_107227,28
video_107241,0
video_107290,8
video_107311,6
video_10737,9
video_107379,7
video_10741,4
video_107428,3
video_107516,1
video_107540,12
video_107541,0
video_107552,6
video_107562,0
video_107653,24
video_107665,15
video_107684,14
video_107734,6
video_107746,1
video_107764,3
video_107807,32
video_107832,5
video_107841,28
video_107842,30
video_107904,22
video_107980,18
video_107991,30
video_107994,10
video_108009,9
video_108043,32
video_108059,14
video_108060,1
video_108078,18
video_108131,28
video_108194,23
video_108207,29
video_108214,8
video_108269,30
video_108298,12
video_108340,10
video_108354,1
video_108356,24
video_108370,0
video_108405,1
video_108428,31
video_10850,10
video_108511,18
video_10852,10
video_108534,25
video_108586,7
video_108594,12
video_1086,23
video_108605,10
video_108634,0
video_108639,24
video_108689,32
video_108692,10
video_10872,31
video_108751,9
video_108775,6
video_10879,14
video_108805,6
video_10886,10
video_108882,9
video_108893,1
video_108990,30
video_109000,21
video_109069,30
video_10910,28
video_109115,25
video_109117,22
video_109182,30
video_109199,31
video_10926,23
video_109275,3
video_109301,6
video_109323,21
video_10933,3
video_109345,8
video_109368,1
video_109372,29
video_109427,17
video_109438,24
video_109473,13
video_109556,3
video_109559,5
video_109585,9
video_109674,31
video_109691,12
video_109749,10
video_109762,23
video_109769,28
video_109779,23
video_109849,7
video_109896,10
video_109942,30
video_109974,22
video_109996,1
video_11,6
video_11000,3
video_110045,20
video_110088,6
video_110097,0
video_11014,22
video_110144,14
video_110227,0
video_110265,22
video_110277,18
video_110306,30
video_11033,29
video_110357,5
video_110415,10
video_110429,1
video_110466,19
video_110538,23
video_11062,31
video_110636,1
video_110644,29
video_11065,7
video_110652,9
video_110729,22
video_110739,7
video_110771,19
video_110787,5
video_110810,6
video_110831,1
video_110834,30
video_110914,13
video_110960,1
video_110981,18
video_110984,31
video_11102,12
video_111051,10
video_111096,30
video_11110,10
video_111126,12
video_111133,18
video_111136,29
video_111139,32
video_111399,14
video_111462,12
video_111481,10
video_111485,9
video_111498,30
video_111571,1
video_111572,0
video_111577,4
video_111611,22
video_111617,7
video_111622,10
video_111669,2
video_111685,0
video_111715,9
video_111734,30
video_111760,30
video_111776,32
video_111779,28
video_111782,0
video_111865,23
video_111916,23
video_111917,21
video_111951,25
video_111956,7
video_111980,10
video_111982,13
video_11202,3
video_112036,9
video_11205,7
video_112062,29
video_11207,18
video_11208,19
video_11211,7
video_112115,12
video_112127,14
video_112138,28
video_112145,0
video_112190,1
video_112203,18
video_112219,19
video_112242,9
video_112249,30
video_112323,1
video_112355,7
video_112359,30
video_112384,31
video_112398,32
video_112439,19
video_112446,20
video_112473,31
video_112520,31
video_112526,10
video_112562,30
video_1126,10
video_112623,25
video_112625,4
video_112634,23
video_112652,3
video_112693,22
video_112700,12
video_112729,30
video_112875,9
video_112887,3
video_112888,10
video_112914,6
video_112950,10
video_112960,31
video_112973,10
video_113032,6
video_113037,15
video_113039,31
video_113118,3
video_113150,13
video_113183,6
video_1132,6
video_113218,9
video_113255,28
video_113256,28
video_113299,12
video_113310,25
video_113400,30
video_113452,18
video_113518,30
video_113546,18
video_113560,1
video_113605,4
video_113665,1
video_113671,23
video_113754,9
video_113819,21
video_113835,29
video_113841,22
video_113891,9
video_113900,7
video_113956,4
video_113967,31
video_113985,18
video_114021,0
video_11403,4
video_114051,30
video_114167,28
video_114189,6
video_114197,28
video_114208,1
video_114223,2
video_114259,23
video_114288,12
video_114292,7
video_114302,10
video_114353,7
video_114369,30
video_114388,31
video_114391,12
video_114395,5
video_114420,30
video_114464,1
video_114483,22
video_114498,8
video_114519,18
video_114531,0
video_114559,1
video_114587,1
video_114598,4
video_114604,14
video_114623,30
video_114643,24
video_114684,10
video_114713,24
video_114801,31
video_114831,9
video_114882,5
video_11489,0
video_114919,5
video_114936,14
video_114952,28
video_114963,3
video_114970,23
video_114984,3
video_115029,28
video_115065,30
video_115077,32
video_115179,9
video_115199,23
video_115298,8
video_115317,5
video_115318,1
video_115328,4
video_11534,12
video_115340,1
video_11535,9
video_115363,4
video_115366,4
video_115388,6
video_115415,28
video_115442,30
video_115466,4
video_11547,7
video_115476,18
video_11549,10
video_115537,28
video_115558,24
video_115598,30
video_115603,0
video_115695,29
video_115696,12
video_115760,7
video_115769,8
video_115785,30
video_115787,2
video_11579,29
video_115798,12
video_115801,18
video_11583,19
video_115838,11
video_115941,18
video_116039,30
video_116089,30
video_116101,32
video_11611,28
video_116187,28
video_116215,12
video_116225,12
video_11630,31
video_116408,3
video_116409,0
video_116426,16
video_11645,10
video_116505,7
video_116542,0
video_116556,3
video_11656,1
video_116577,30
video_116587,12
video_116599,3
video_116628,4
video_116649,10
video_116678,7
video_116703,10
video_116752,31
video_11685,7
video_116890,14
video_1169,7
video_116908,23
video_116937,19
video_116994,9
video_11701,7
video_117122,30
video_117176,11
video_117181,4
video_117259,21
video_117275,4
video_117365,10
video_117405,15
video_11743,29
video_117476,1
video_117496,12
video_117503,29
video_117522,10
video_117529,25
video_117542,9
video_117545,10
video_117580,3
video_117607,10
video_117632,11
video_117657,24
video_11767,0
video_117709,23
video_117737,22
video_117783,6
video_117795,30
video_117812,29
video_117834,18
video_11784,22
video_11803,13
video_118034,2
video_118050,19
video_118060,19
video_118063,8
video_118081,30
video_118098,10
video_118127,6
video_118147,3
video_11815,6
video_118157,1
video_118198,1
video_118200,4
video_118215,1
video_118226,19
video_118249,12
video_118263,14
video_118330,7
video_118334,3
video_118337,10
video_118351,1
video_118390,10
video_118453,31
video_118513,7
video_118519,12
video_118522,28
video_118534,0
video_118548,23
video_118599,4
video_118630,32
video_118659,6
video_118665,3
video_118669,28
video_118683,1
video_118754,13
video_118765,19
video_118823,22
video_11886,9
video_118866,10
video_118883,0
video_118916,31
video_118928,22
video_118951,9
video_118952,30
video_119006,18
video_11901,12
video_119011,28
video_119036,22
video_119093,28
video_11912,19
video_119127,9
video_119150,0
video_11919,29
video_119202,2
video_119221,10
video_119226,30
video_119248,29
video_119290,30
video_119299,9
video_119309,18
video_119315,12
video_119363,12
video_119385,1
video_119389,0
video_119393,30
video_119399,32
video_11941,4
video_119490,30
video_11950,1
video_119574,23
video_119577,0
video_119583,9
video_119586,28
video_119591,21
video_119618,4
video_119665,12
video_11972,1
video_119725,28
video_119738,1
video_119741,28
video_119788,18
video_119804,29
video_119876,4
video_119893,24
video_119967,6
video_11997,1
video_119996,1
video_120039,30
video_120075,28
video_120104,31
video_120118,1
video_120170,29
video_120194,30
video_120234,22
video_120236,1
video_120251,6
video_120257,28
video_120281,23
video_120304,20
video_120325,20
video_120326,30
video_120327,28
video_12036,30
video_120390,2
video_120428,1
video_12044,8
video_120449,3
video_120451,11
video_120513,0
video_120634,3
video_120717,25
video_120732,32
video_120746,14
video_120778,3
video_120792,22
video_120814,5
video_120836,0
video_12091,1
video_120958,30
video_121018,9
video_121019,30
video_121050,8
video_121082,12
video_121102,29
video_121182,30
video_121186,24
video_121207,10
video_121219,31
video_121250,31
video_121275,24
video_121278,31
video_121292,30
video_121296,29
video_121298,23
video_121307,19
video_12131,1
video_121325,10
video_121326,20
video_121380,20
video_12141,1
video_12142,12
video_121493,31
video_121514,13
video_121522,31
video_121532,12
video_121539,7
video_121550,23
video_12157,13
video_121635,24
video_121695,28
video_12170,12
video_121702,19
video_121720,30
video_121758,31
video_121771,24
video_121777,6
video_121788,3
video_121789,6
video_121820,32
video_121900,30
video_121901,17
video_122044,29
video_122080,4
video_122086,28
video_122105,7
video_122168,4
video_12217,30
video_12218,1
video_122204,10
video_122209,23
video_122217,5
video_12234,1
video_12236,12
video_122415,21
video_122422,31
video_122504,12
video_122516,2
video_12256,10
video_122572,8
video_122574,21
video_122599,29
video_12262,12
video_122649,22
video_122651,32
video_122662,18
video_122688,3
video_122710,12
video_122797,32
video_12283,9
video_122845,6
video_122846,23
video_122860,30
video_122917,1
video_123008,28
video_12302,30
video_123077,25
video_12308,6
video_123082,3
video_123090,5
video_123093,2
video_123123,24
video_123128,31
video_123138,21
video_123222,8
video_123223,12
video_123234,30
video_123242,0
video_123244,4
video_123256,32
video_12328,32
video_123313,4
video_123343,0
video_123402,32
video_123408,18
video_123435,12
video_123443,1
video_123483,10
video_123495,31
video_123545,7
video_123561,6
video_123599,31
video_12360,32
video_123643,15
video_123707,28
video_123717,12
video_123726,10
video_123732,31
video_123788,10
video_12381,0
video_123857,30
video_12393,14
video_123963,22
video_123971,32
video_124002,21
video_124018,23
video_124021,4
video_124033,2
video_124034,10
video_124077,1
video_124091,18
video_12411,5
video_124190,12
video_124252,3
video_124281,9
video_124313,12
video_124345,14
video_124366,30
video_124375,30
video_124380,15
video_12446,20
video_124469,28
video_124481,24
video_124482,12
video_124589,9
video_124592,22
video_1246,7
video_124612,4
video_12466,8
video_124723,12
video_124724,18
video_124736,3
video_124751,7
video_124818,3
video_124826,12
video_124923,12
video_124933,32
video_124980,14
video_124999,12
video_125008,19
video_125019,12
video_125028,30
video_125094,9
video_125164,10
video_125179,18
video_125203,11
video_125275,12
video_125362,10
video_125460,6
video_125492,7
video_125504,9
video_125539,8
video_125554,3
video_125561,32
video_125596,25
video_125612,28
video_125613,30
video_125665,3
video_125666,30
video_125759,23
video_125843,28
video_125876,23
video_12590,10
video_125917,10
video_126002,28
video_126005,22
video_126016,10
video_126037,12
video_126088,32
video_126118,28
video_126190,32
video_126192,21
video_126275,29
video_126354,7
video_126366,19
video_126372,1
video_126388,4
video_126391,10
video_12641,10
video_126422,10
video_126493,31
video_126527,24
video_126536,3
video_126544,30
video_126568,12
video_126579,7
video_126636,8
video_12664,3
video_126651,32
video_126714,4
video_126778,6
video_126785,12
video_126802,7
video_12683,10
video_126869,3
video_126888,10
video_126911,8
video_12694,18
video_126969,0
video_126976,30
video_126984,31
video_127095,12
video_12712,12
video_127127,4
video_127130,19
video_127302,32
video_127355,10
video_127445,30
video_127502,0
video_127541,32
video_127547,8
video_127558,10
video_1276,1
video_127614,30
video_127731,8
video_127735,31
video_127745,6
video_127808,30
video_127820,14
video_127845,31
video_127892,1
video_127898,12
video_127922,32
video_12797,1
video_127979,32
video_128000,4
video_128010,12
video_128040,5
video_128111,9
video_128134,31
video_128190,31
video_128195,32
video_128244,19
video_128274,2
video_128329,10
video_128331,4
video_128358,6
video_128366,12
video_128370,2
video_128392,30
video_128409,6
video_128414,28
video_128459,10
video_128484,1
video_128580,9
video_128590,4
video_128605,29
video_128668,16
video_128686,1
video_128689,3
video_128705,10
video_128711,22
video_128716,1
video_128723,6
video_128729,22
video_128730,3
video_128761,29
video_128770,3
video_128799,12
video_128826,28
video_128895,0
video_128901,30
video_128911,12
video_128961,10
video_128964,20
video_128973,20
video_128977,12
video_129001,23
video_12901,6
video_129059,24
video_12908,22
video_12909,7
video_129096,0
video_129128,21
video_129136,1
video_129148,12
video_129171,10
video_12918,12
video_129283,30
video_129297,24
video_1293,19
video_129370,10
video_129377,12
video_12939,10
video_129400,18
video_129401,31
video_12941,19
video_129420,10
video_129423,1
video_129451,30
video_129493,3
video_129513,14
video_129536,31
video_129546,10
video_129553,6
video_12957,30
video_129595,29
video_129597,7
video_129662,14
video_129666,9
video_12970,30
video_129708,10
video_129748,24
video_129750,30
video_129761,30
video_129772,22
video_129810,30
video_12982,12
video_129896,7
video_12991,22
video_129936,10
video_129973,23
video_13,22
video_13002,24
video_130035,29
video_13009,6
video_130148,7
video_130160,5
video_130219,25
video_130253,13
video_130265,5
video_130276,8
video_130280,10
video_130297,8
video_130314,8
video_130324,31
video_13035,5
video_130358,7
video_130360,30
video_130403,7
video_130410,28
video_130415,5
video_130447,3
video_130459,31
video_130489,11
video_13049,30
video_130495,1
video_130513,25
video_13052,7
video_130558,22
video_130565,2
video_130675,8
video_130716,25
video_130723,12
video_130766,17
video_130796,30
video_130806,12
video_130847,1
video_130864,29
video_130894,0
video_130938,6
video_130940,10
video_13104,28
video_131067,3
video_131070,12
video_131191,20
video_131201,4
video_131204,30
video_131238,23
video_131274,31
video_131286,28
video_131323,32
video_131334,1
video_131357,8
video_131364,28
video_131380,31
video_131395,5
video_13146,22
video_131463,3
video_131524,1
video_131560,6
video_131588,9
video_131680,11
video_131698,30
video_131758,12
video_131794,22
video_131814,22
video_131832,5
video_131899,11
video_131906,7
video_13193,6
video_13195,30
video_131971,10
video_132052,12
video_132056,9
video_132090,11
video_132163,30
video_132201,22
video_132228,22
video_132256,9
video_132291,31
video_132295,1
video_132357,3
video_132368,11
video_132386,10
video_132439,13
video_132445,2
video_132446,14
video_132457,30
video_132474,12
video_132537,21
video_132540,14
video_132564,18
video_132576,30
video_132586,30
video_132607,28
video_132639,4
video_132687,29
video_132709,4
video_132775,29
video_132797,8
video_132809,22
video_132831,14
video_132849,29
video_132867,12
video_13295,24
video_132985,23
video_132988,30
video_133012,10
video_133062,23
video_133075,31
video_133086,9
video_133100,1
video_133122,30
video_133128,22
video_133135,6
video_133213,7
video_133221,22
video_133228,10
video_133233,10
video_133237,30
video_133247,31
video_13330,10
video_133309,4
video_133357,9
video_133374,32
video_133379,9
video_133398,5
video_133412,4
video_133446,12
video_133464,31
video_13347,25
video_133584,7
video_133594,20
video_133633,0
video_133645,2
video_133647,29
video_133658,19
video_133685,28
video_1337,22
video_133705,9
video_133786,30
video_133818,12
video_133855,8
video_133889,30
video_13389,11
video_133895,6
video_133896,14
video_133922,4
video_133926,10
video_133956,31
video_133974,8
video_133987,3
video_134103,21
video_134112,10
video_134135,31
video_134160,30
video_134163,10
video_134202,7
video_13422,3
video_134302,30
video_134315,21
video_134327,12
video_134359,12
video_134382,4
video_134384,30
video_134395,24
video_134411,22
video_134412,7
video_134455,6
video_134495,13
video_134502,21
video_134542,8
video_134616,12
video_134619,19
video_134623,1
video_134634,30
video_134636,10
video_134643,6
video_134674,0
video_134693,30
video_134696,6
video_134705,20
video_134725,9
video_134743,0
video_134745,8
video_134771,30
video_134788,10
video_134850,19
video_134857,4
video_134858,28
video_134882,10
video_134902,30
video_134910,4
video_134912,28
video_134923,12
video_134933,3
video_134943,6
video_134965,8
video_134995,32
video_135013,22
video_135018,0
video_135037,28
video_135079,15
video_135110,6
video_135129,31
video_135189,12
video_1352,21
video_135216,28
video_135218,10
video_135220,10
video_135231,22
video_135251,30
video_135345,7
video_135366,4
video_135371,14
video_135378,32
video_135397,3
video_135408,22
video_135471,30
video_135505,29
video_135560,10
video_135576,5
video_135592,3
video_135599,9
video_135640,30
video_135681,1
video_135752,30
video_135793,0
video_135797,1
video_135804,18
video_135834,9
video_135872,7
video_135892,32
video_136013,22
video_136033,9
video_136038,0
video_136075,30
video_136083,7
video_136099,31
video_136105,8
video_13611,12
video_136117,10
video_136119,14
video_136124,30
video_13615,18
video_136203,5
video_136217,31
video_136234,12
video_136299,4
video_136316,22
video_136333,6
video_136373,21
video_136388,24
video_136430,22
video_136450,6
video_136496,30
video_136512,14
video_136525,0
video_136544,3
video_136587,28
video_136588,9
video_136674,30
video_136703,12
video_13673,22
video_136751,3
video_136752,21
video_136754,6
video_136786,25
video_136792,9
video_136796,10
video_136801,9
video_136806,9
video_13682,9
video_136847,28
video_136889,30
video_136912,12
video_136913,30
video_136915,1
video_136956,7
video_136979,25
video_136980,29
video_137036,6
video_137097,8
video_137106,12
video_13713,3
video_137158,22
video_137167,10
video_137196,4
video_137226,9
video_137289,19
video_137300,3
video_137332,9
video_137355,2
video_137366,23
video_13737,24
video_137419,14
video_137420,10
video_137463,3
video_137466,5
video_137485,1
video_137493,7
video_137524,1
video_137532,14
video_137566,32
video_137605,30
video_137615,28
video_137628,9
video_137691,23
video_137694,22
video_137738,3
video_137774,3
video_137903,6
video_137975,12
video_138039,28
video_138040,30
video_138111,0
video_138172,31
video_138234,7
video_138328,10
video_138334,25
video_138349,5
video_138401,23
video_138402,0
video_13846,20
video_138503,12
video_138511,30
video_138556,10
video_138632,9
video_138635,31
video_138641,5
video_13865,3
video_13866,14
video_138708,29
video_138776,7
video_138779,28
video_138812,12
video_138846,9
video_138851,12
video_138898,7
video_138900,6
video_138930,0
video_138940,10
video_138943,1
video_139022,15
video_139071,9
video_139078,7
video_139234,1
video_139347,5
video_139399,6
video_139403,11
video_139418,31
video_139469,32
video_139526,0
video_13957,10
video_1396,8
video_139616,1
video_139667,9
video_139668,29
video_139792,29
video_139809,30
video_139839,31
video_13987,32
video_139894,30
video_139973,29
video_139982,22
video_14000,2
video_140010,6
video_140029,14
video_140090,10
video_140107,1
video_140126,9
video_140127,29
video_140149,18
video_14015,7
video_140160,18
video_140168,9
video_140176,30
video_140182,3
video_140188,3
video_140195,6
video_140226,28
video_140251,10
video_140257,12
video_140277,23
video_140382,6
video_140457,32
video_140475,7
video_140519,30
video_140551,9
video_14058,10
video_140595,10
video_140601,29
video_140624,18
video_140676,32
video_140693,2
video_140708,1
video_140714,4
video_140764,18
video_140839,19
video_140852,12
video_140855,14
video_140869,32
video_140873,7
video_140960,31
video_14099,21
video_141000,32
video_141011,22
video_141014,4
video_141020,14
video_141033,28
video_141034,0
video_14104,7
video_141053,24
video_141079,4
video_14109,31
video_141157,10
video_141183,9
video_141258,28
video_141265,18
video_141339,30
video_141359,1
video_141393,30
video_141430,4
video_141490,3
video_141491,1
video_141518,10
video_141571,13
video_141639,29
video_14165,14
video_141654,31
video_14168,1
video_141681,10
video_141694,25
video_14174,14
video_141760,11
video_141877,6
video_141914,10
video_141931,6
video_141942,9
video_141946,1
video_141949,25
video_141985,8
video_1420,29
video_142031,30
video_142036,14
video_142057,15
video_142067,7
video_142080,6
video_142081,24
video_1421,21
video_142119,12
video_142243,30
video_142275,10
video_142311,8
video_142313,2
video_142328,6
video_142334,0
video_14237,7
video_142445,8
video_142453,11
video_142458,14
video_14246,12
video_142467,28
video_14259,6
video_142671,9
video_142756,10
video_142759,28
video_142809,32
video_142812,23
video_14284,5
video_142865,7
video_142867,6
video_142896,4
video_142899,3
video_142910,12
video_142956,29
video_14296,1
video_142988,3
video_143003,32
video_143057,25
video_143064,19
video_143068,24
video_143070,29
video_143127,23
video_143171,14
video_143172,12
video_143190,10
video_143213,23
video_143256,0
video_143347,23
video_143441,6
video_143461,4
video_143526,6
video_143547,9
video_143647,4
video_1437,7
video_143726,8
video_143735,29
video_143750,28
video_143789,28
video_143794,32
video_143798,32
video_143852,30
video_143876,7
video_143914,12
video_14392,2
video_143933,3
video_143945,18
video_143956,11
video_143965,25
video_143992,18
video_144005,12
video_144029,6
video_144048,14
video_144053,0
video_144069,32
video_144083,29
video_14414,24
video_144149,4
video_144170,23
video_144179,10
video_144184,32
video_144237,2
video_144286,1
video_144301,12
video_144333,24
video_144340,4
video_144370,7
video_144376,31
video_144394,14
video_144413,24
video_144438,6
video_144483,7
video_144491,12
video_144561,12
video_144569,28
video_14459,10
video_144632,12
video_144704,25
video_144741,3
video_144751,3
video_144777,30
video_144806,2
video_144847,4
video_14494,32
video_14495,31
video_144972,8
video_144983,28
video_145034,3
video_145077,14
video_145079,28
video_145135,10
video_145244,3
video_145248,5
video_145251,5
video_145291,28
video_1453,24
video_145356,28
video_145404,3
video_145405,19
video_145422,5
video_145477,6
video_145483,28
video_145495,3
video_1455,1
video_145539,3
video_145585,10
video_145603,10
video_145604,14
video_145650,9
video_145676,22
video_145693,5
video_145702,3
video_145800,9
video_145804,28
video_145871,10
video_145927,26
video_145997,32
video_146068,30
video_14608,1
video_146085,30
video_146166,18
video_146186,0
video_146200,24
video_14621,10
video_146233,14
video_146237,10
video_146267,22
video_14627,9
video_146293,30
video_146313,3
video_146323,32
video_146327,32
video_146372,29
video_146377,3
video_146382,1
video_146413,30
video_14642,30
video_146424,4
video_146425,17
video_146553,1
video_146555,10
video_146573,8
video_146592,0
video_146630,7
video_146634,30
video_1467,28
video_146733,4
video_146765,4
video_146778,1
video_14678,18
video_146788,10
video_146803,29
video_146862,23
video_146882,1
video_146924,10
video_146950,22
video_147005,9
video_147017,31
video_147026,23
video_1471,1
video_147174,7
video_147187,31
video_147194,30
video_147200,0
video_147290,25
video_147305,4
video_147327,10
video_147414,30
video_147423,13
video_147521,6
video_147610,12
video_147644,11
video_147663,23
video_147693,12
video_147704,30
video_147764,1
video_147911,6
video_147948,9
video_147951,18
video_147972,21
video_147996,0
video_148054,22
video_148065,0
video_148068,10
video_148202,17
video_148242,30
video_148245,0
video_148251,1
video_148252,22
video_148271,29
video_148305,19
video_148399,8
video_148465,10
video_148478,4
video_148527,32
video_148633,30
video_14864,29
video_148663,11
video_148674,8
video_148676,7
video_148759,32
video_148824,1
video_148825,12
video_148846,7
video_148857,12
video_148877,12
video_148922,6
video_148929,5
video_148934,22
video_148956,9
video_148959,25
video_149053,10
video_14907,6
video_149091,5
video_149093,14
video_149106,30
video_149125,30
video_149146,9
video_14921,30
video_149215,1
video_149226,29
video_149251,5
video_149253,12
video_149326,12
video_149340,8
video_149342,22
video_149375,8
video_149407,10
video_14943,14
video_149433,12
video_14945,10
video_149539,5
video_149602,12
video_149609,28
video_149620,31
video_149686,30
video_149690,29
video_149691,9
video_149727,22
video_149730,30
video_149746,32
video_149776,30
video_149794,30
video_149815,28
video_149850,20
video_149867,22
video_149885,28
video_149889,1
video_149933,6
video_149955,18
video_149957,28
video_149962,3
video_149982,12
video_15001,11
video_150049,22
video_150053,32
video_150114,14
video_150115,31
video_15013,0
video_150142,30
video_150152,12
video_150196,30
video_150210,10
video_150219,6
video_150231,22
video_150276,29
video_150322,18
video_150361,19
video_150372,31
video_150385,1
video_150425,1
video_150432,8
video_150446,11
video_150454,22
video_150478,0
video_150488,11
video_150546,6
video_150578,7
video_150619,30
video_150675,28
video_150679,5
video_150696,10
video_150718,1
video_150725,30
video_150727,31
video_150746,6
video_150865,12
video_150897,4
video_150908,6
video_150954,30
video_151075,0
video_151076,10
video_15109,31
video_151113,21
video_151163,3
video_151191,24
video_151209,22
video_151245,10
video_151251,4
video_151315,24
video_151325,18
video_151347,3
video_151410,29
video_151440,28
video_151470,4
video_151494,7
video_151502,3
video_151525,10
video_151557,13
video_151621,10
video_15167,5
video_151703,5
video_15171,3
video_151713,10
video_151748,9
video_151794,10
video_151817,10
video_151826,22
video_151840,30
video_151850,25
video_151890,1
video_151898,12
video_151918,14
video_151920,3
video_151966,10
video_151969,31
video_151971,30
video_151988,24
video_152014,25
video_152067,12
video_152082,18
video_152126,10
video_15214,28
video_152191,3
video_152311,1
video_152330,22
video_152332,5
video_152347,13
video_152388,10
video_152411,22
video_152433,24
video_152435,22
video_152498,11
video_152521,6
video_152568,18
video_152590,30
video_15260,3
video_152661,32
video_152764,20
video_152765,29
video_152848,7
video_152897,8
video_152901,6
video_152913,28
video_152930,31
video_15295,0
video_152962,1
video_153002,2
video_153016,20
video_153050,30
video_153093,9
video_153150,10
video_153156,30
video_153176,22
video_153206,14
video_153318,22
video_153334,12
video_153403,14
video_153406,4
video_153408,0
video_153436,31
video_153456,12
video_153472,30
video_153475,19
video_153488,7
video_15353,7
video_153616,3
video_15362,1
video_153674,1
video_153681,7
video_153737,6
video_153808,30
video_153833,8
video_153857,30
video_153933,31
video_153956,3
video_153987,1
video_153993,10
video_154021,10
video_15405,31
video_154075,4
video_154086,7
video_154102,30
video_154125,18
video_154134,11
video_154184,7
video_154235,7
video_154248,16
video_154284,30
video_15433,30
video_154408,11
video_154466,10
video_154495,25
video_154522,31
video_154538,28
video_154659,10
video_15471,30
video_154719,10
video_154725,22
video_154853,5
video_154878,24
video_154893,5
video_154901,1
video_155,10
video_15501,7
video_15502,9
video_155035,10
video_155036,18
video_155047,8
video_155074,28
video_155107,32
video_155115,32
video_155122,22
video_155219,22
video_155253,22
video_155263,10
video_155281,29
video_155318,32
video_155320,28
video_155349,4
video_15536,9
video_155393,0
video_155428,4
video_15548,8
video_155484,22
video_155507,4
video_155630,13
video_155662,6
video_155667,7
video_155698,1
video_155799,13
video_155800,1
video_155865,13
video_155867,10
video_155871,25
video_155888,9
video_155912,30
video_155944,12
video_156014,8
video_156049,1
video_156081,10
video_156111,29
video_156128,6
video_156143,30
video_156179,29
video_156215,20
video_156237,14
video_156263,3
video_156277,1
video_156314,5
video_156328,30
video_15638,31
video_156388,4
video_156389,28
video_156399,18
video_156416,10
video_156442,4
video_156448,12
video_156452,6
video_156467,24
video_156510,29
video_156513,7
video_156551,25
video_156667,31
video_156700,2
video_15671,24
video_156787,9
video_156811,28
video_156848,9
video_156861,1
video_156878,18
video_156932,9
video_156961,31
video_157007,6
video_157079,5
video_157103,0
video_157135,6
video_157153,12
video_157163,3
video_157189,25
video_157194,29
video_157295,31
video_157383,3
video_15740,1
video_157485,29
video_157558,19
video_15756,0
video_157612,32
video_157624,19
video_157677,4
video_157688,32
video_157727,6
video_157776,1
video_157791,0
video_157833,10
video_15789,32
video_158047,7
video_158139,9
video_158154,32
video_158184,1
video_158191,12
video_158202,12
video_158212,9
video_158215,1
video_158263,20
video_158302,1
video_158326,22
video_158328,10
video_158348,32
video_158350,10
video_158377,29
video_158385,20
video_158387,22
video_158424,12
video_158440,24
video_158497,3
video_158505,0
video_158566,31
video_158607,0
video_158637,6
video_158649,12
video_158657,7
video_158666,9
video_158676,1
video_158678,7
video_158712,19
video_158718,22
video_158743,6
video_158766,23
video_158780,15
video_15880,30
video_158819,30
video_158826,18
video_158836,18
video_158859,0
video_158866,9
video_15891,10
video_158998,28
video_159009,28
video_159087,4
video_159092,30
video_159139,25
video_159150,8
video_159156,1
video_159171,20
video_159173,22
video_159178,30
video_159186,10
video_159199,4
video_159218,9
video_159227,10
video_159261,8
video_159274,1
video_159292,21
video_159323,10
video_159388,23
video_159522,31
video_159545,3
video_159550,12
video_159561,29
video_159616,10
video_159633,9
video_15964,2
video_159839,8
video_159853,5
video_159861,30
video_159887,31
video_159940,8
video_159944,22
video_159955,1
video_159974,14
video_159978,30
video_159984,10
video_159985,31
video_15999,18
video_160064,3
video_16010,10
video_160118,0
video_16012,10
video_160123,21
video_160177,24
video_16018,4
video_160188,29
video_160242,19
video_160244,6
video_160248,4
video_160340,3
video_16036,28
video_160395,1
video_160516,28
video_160527,7
video_160579,12
video_160609,24
video_16061,29
video_160614,31
video_16063,1
video_160642,30
video_160654,24
video_160670,22
video_160722,3
video_160733,4
video_160740,4
video_160829,10
video_160847,31
video_160854,31
video_16086,31
video_160861,30
video_160869,12
video_160882,6
video_160889,32
video_160903,18
video_160960,22
video_16097,12
video_161019,1
video_16106,7
video_161080,30
video_161118,30
video_161122,32
video_161135,4
video_161136,1
video_161153,1
video_161198,19
video_1612,12
video_161226,8
video_161230,25
video_161261,31
video_161262,15
video_161272,31
video_161348,15
video_161391,1
video_161402,23
video_161413,10
video_161425,30
video_161445,28
video_161478,23
video_16151,14
video_161545,30
video_161565,30
video_161570,23
video_161590,30
video_161606,8
video_161612,1
video_161629,6
video_161707,5
video_161726,6
video_16177,21
video_161789,4
video_161803,10
video_161804,4
video_161827,32
video_161966,30
video_161994,31
video_162,32
video_162006,15
video_162060,29
video_162110,1
video_162157,7
video_162170,30
video_162195,3
video_162210,30
video_162216,23
video_16222,31
video_162230,22
video_162260,30
video_162279,22
video_162286,1
video_16229,23
video_162342,1
video_162355,12
video_162365,9
video_162389,18
video_162423,30
video_162434,1
video_16247,0
video_162567,30
video_162568,5
video_162577,3
video_162612,32
video_162660,3
video_162708,7
video_162725,7
video_162733,0
video_162741,24
video_162778,1
video_162815,6
video_162816,28
video_162837,29
video_162840,1
video_162847,6
video_162886,7
video_162919,25
video_162930,1
video_162935,10
video_162950,23
video_16297,28
video_163045,1
video_163102,29
video_16316,12
video_163178,12
video_163184,32
video_163209,3
video_163211,22
video_16322,22
video_163239,18
video_163274,10
video_163276,14
video_163287,2
video_163325,13
video_163356,10
video_163367,30
video_163415,22
video_163437,20
video_163451,28
video_163452,12
video_163455,8
video_163464,18
video_16347,19
video_1635,20
video_16356,10
video_163582,18
video_16360,3
video_163640,19
video_163722,32
video_163744,7
video_163812,10
video_163818,22
video_163866,8
video_163873,30
video_163882,24
video_163924,10
video_164015,13
video_164020,2
video_164033,18
video_164035,28
video_164052,4
video_164075,9
video_164091,14
video_164120,9
video_164136,31
video_16415,12
video_164268,22
video_164311,32
video_164312,0
video_164316,30
video_164333,28
video_164341,1
video_164345,28
video_164350,9
video_164409,9
video_164434,32
video_164477,10
video_164489,31
video_164506,12
video_164526,1
video_164575,7
video_164580,32
video_164591,3
video_16461,31
video_16462,1
video_16464,32
video_164689,7
video_164702,30
video_164704,22
video_16472,13
video_164738,22
video_164752,28
video_164782,22
video_164789,10
video_164822,1
video_164833,28
video_164879,30
video_164888,14
video_164899,3
video_16491,31
video_164922,28
video_164944,0
video_164949,31
video_164958,29
video_164962,6
video_164988,4
video_164992,3
video_165020,0
video_165063,32
video_165084,23
video_165089,6
video_165111,7
video_165247,2
video_16530,18
video_165314,3
video_165321,28
video_165392,5
video_165394,18
video_165439,3
video_165456,12
video_16546,6
video_165472,1
video_165473,10
video_165493,20
video_165563,20
video_165602,14
video_165633,3
video_16564,15
video_165654,3
video_165661,23
video_165721,1
video_165722,4
video_165758,12
video_165773,19
video_165777,28
video_165783,29
video_165839,12
video_165864,5
video_16590,2
video_165904,11
video_16592,7
video_165926,12
video_16594,10
video_165944,8
video_165958,0
video_16598,32
video_166051,13
video_166066,29
video_166117,2
video_166146,26
video_166155,13
video_166167,13
video_166189,18
video_166268,18
video_166279,25
video_166284,4
video_166310,10
video_166313,25
video_166391,28
video_166429,28
video_166473,5
video_166510,6
video_166516,18
video_166528,19
video_166533,7
video_166545,14
video_166594,8
video_166623,22
video_166679,24
video_166740,6
video_166747,5
video_166822,6
video_166918,22
video_16692,7
video_166928,12
video_166930,5
video_166998,9
video_167016,3
video_167087,18
video_167125,28
video_167217,23
video_167234,30
video_1673,7
video_167305,21
video_16731,14
video_167368,4
video_167375,6
video_167402,1
video_167429,30
video_167454,7
video_167467,29
video_167481,6
video_167600,23
video_167619,9
video_167673,7
video_167692,29
video_167696,1
video_167712,12
video_167724,8
video_167742,6
video_167752,22
video_167755,1
video_167757,28
video_167774,20
video_167817,6
video_167824,10
video_167902,18
video_167955,9
video_167978,6
video_168012,9
video_168026,14
video_168064,25
video_168095,32
video_1681,32
video_168139,6
video_168158,30
video_168302,8
video_168328,32
video_168399,6
video_168422,18
video_168472,12
video_168490,31
video_168665,31
video_168686,6
video_168695,10
video_168739,7
video_168759,30
video_168767,4
video_16877,8
video_168817,10
video_168830,1
video_16885,7
video_168869,30
video_168886,9
video_168895,25
video_168901,1
video_168909,11
video_168920,28
video_168925,31
video_168955,12
video_168979,28
video_16898,0
video_169008,3
video_169077,31
video_169109,29
video_169140,19
video_16915,3
video_169182,2
video_169243,7
video_169252,10
video_169282,3
video_169290,22
video_169304,11
video_169320,4
video_169340,8
video_169341,25
video_169345,3
video_169366,12
video_169407,1
video_16941,5
video_169427,13
video_169455,6
video_169486,15
video_169557,29
video_169596,23
video_16964,9
video_169680,8
video_169722,29
video_169741,9
video_169744,22
video_169752,3
video_16976,7
video_169762,6
video_169798,2
video_169823,25
video_169869,23
video_169902,3
video_169979,19
video_169988,12
video_170048,1
video_170059,5
video_170060,22
video_170072,19
video_170102,31
video_170117,9
video_170133,3
video_170201,22
video_17022,9
video_17025,22
video_170311,19
video_170348,9
video_170370,30
video_17041,11
video_170448,30
video_170473,5
video_170477,29
video_170545,19
video_170582,14
video_170589,0
video_170620,32
video_170669,3
video_170695,1
video_170697,28
video_170745,30
video_170755,31
video_17078,7
video_170825,8
video_170978,1
video_171009,4
video_171090,30
video_171120,7
video_171143,32
video_171171,4
video_171176,0
video_171197,8
video_171247,10
video_171265,7
video_171266,1
video_171314,30
video_171385,1
video_171425,21
video_171530,30
video_171532,0
video_171561,9
video_17165,19
video_171654,9
video_1717,22
video_171700,30
video_171714,30
video_171727,32
video_171735,1
video_17175,6
video_171773,8
video_171799,12
video_171840,0
video_171857,30
video_171858,14
video_171860,7
video_171902,10
video_171916,9
video_171928,5
video_171930,12
video_171943,30
video_171978,2
video_171990,6
video_172005,22
video_172016,5
video_172035,23
video_172048,3
video_172053,29
video_172065,6
video_172071,7
video_172085,30
video_172126,5
video_172137,14
video_172148,28
video_172153,4
video_172178,9
video_172210,10
video_17222,18
video_172278,19
video_172298,13
video_172311,30
video_172324,10
video_172376,22
video_172396,32
video_172441,30
video_172484,10
video_172534,23
video_172562,10
video_172593,1
video_17260,7
video_172615,5
video_17263,25
video_172659,32
video_172668,24
video_172691,2
video_172723,12
video_172806,7
video_172825,10
video_172850,30
video_172862,28
video_172875,8
video_172894,8
video_172950,32
video_172996,22
video_173004,12
video_173032,30
video_173054,9
video_17313,1
video_173138,29
video_173141,29
video_173165,22
video_17318,3
video_173213,22
video_173217,12
video_173223,11
video_173236,29
video_173271,9
video_173332,1
video_173334,3
video_173356,17
video_173381,1
video_173445,31
video_173473,28
video_173482,14
video_173493,4
video_173517,7
video_173518,3
video_17352,19
video_173543,4
video_17355,30
video_173560,7
video_17357,23
video_173583,29
video_173589,1
video_17359,13
video_173608,25
video_173636,9
video_173672,1
video_173822,1
video_173826,10
video_173830,7
video_173868,30
video_173891,28
video_173899,24
video_173935,9
video_173958,14
video_173961,31
video_173973,8
video_173976,20
video_174018,1
video_17402,7
video_174029,10
video_17403,8
video_174059,6
video_174107,30
video_17412,14
video_174161,5
video_174177,25
video_174201,3
video_174266,10
video_174278,30
video_174321,9
video_174357,25
video_174359,7
video_174368,3
video_174383,22
video_174391,31
video_174403,7
video_174408,10
video_174413,7
video_1745,12
video_174528,15
video_174601,6
video_174602,18
video_174661,9
video_174697,1
video_174701,29
video_174727,12
video_17477,9
video_174833,1
video_174848,21
video_174849,32
video_174883,22
video_174888,23
video_174910,24
video_174916,12
video_174937,25
video_174944,22
video_174968,5
video_17499,1
video_174998,8
video_175001,9
video_175042,6
video_175047,30
video_175102,28
video_175106,32
video_175134,12
video_175226,10
video_175241,3
video_175249,19
video_175262,1
video_175310,1
video_175316,19
video_175333,2
video_175351,3
video_175368,30
video_175411,24
video_175424,30
video_175433,6
video_175485,25
video_175504,2
video_175514,2
video_175523,7
video_175530,2
video_175611,28
video_175651,10
video_175773,28
video_175784,32
video_175787,9
video_175820,29
video_175893,30
video_175898,4
video_175906,3
video_175928,14
video_175943,9
video_175950,1
video_17596,9
video_176002,15
video_176044,3
video_176084,9
video_176100,32
video_17613,28
video_176138,10
video_176184,29
video_176210,30
video_176260,12
video_176279,12
video_176376,3
video_176380,18
video_176387,30
video_176394,9
video_176427,30
video_176430,28
video_176490,29
video_176526,8
video_176536,2
video_176575,12
video_176636,32
video_176646,14
video_176658,19
video_176693,3
video_17671,5
video_176751,4
video_176752,24
video_176783,30
video_176796,1
video_176812,1
video_17687,6
video_176886,30
video_176900,22
video_176985,4
video_177022,3
video_17706,14
video_177062,9
video_177121,0
video_17718,32
video_177208,28
video_177210,22
video_177232,6
video_177391,6
video_177458,30
video_177477,6
video_177504,12
video_177511,32
video_177520,9
video_177529,23
video_17755,3
video_17756,28
video_177566,1
video_177588,30
video_177605,29
video_177613,31
video_177670,2
video_177681,31
video_177692,3
video_177706,14
video_177732,22
video_177781,10
video_177792,28
video_177828,29
video_177856,22
video_177892,1
video_177914,23
video_177942,29
video_177983,24
video_178016,14
video_178030,30
video_178031,4
video_178040,28
video_178078,22
video_178092,9
video_178096,3
video_178140,30
video_178175,30
video_178180,1
video_178184,6
video_178196,8
video_178286,10
video_178303,30
video_178328,3
video_178365,9
video_178394,10
video_178412,30
video_178414,32
video_178460,7
video_178469,1
video_178498,4
video_178504,28
video_178505,10
video_178524,1
video_178532,24
video_178537,8
video_178553,32
video_178607,18
video_178614,25
video_178619,20
video_17862,19
video_178707,22
video_17871,30
video_178766,7
video_178811,0
video_178826,29
video_178881,12
video_178898,22
video_178930,0
video_178981,22
video_178997,20
video_179008,5
video_179020,10
video_179036,8
video_179052,10
video_179056,19
video_179109,12
video_179146,14
video_179236,3
video_179241,22
video_179242,31
video_179250,30
video_179258,10
video_179275,18
video_179287,0
video_179290,9
video_179291,8
video_179333,21
video_179348,5
video_179372,7
video_179374,4
video_179417,12
video_179486,28
video_179587,1
video_179591,8
video_179632,14
video_179658,28
video_179707,11
video_17975,1
video_179752,25
video_179760,1
video_179784,22
video_179826,0
video_179878,22
video_17988,10
video_179911,22
video_179919,0
video_179955,12
video_179966,30
video_179980,6
video_179984,7
video_180003,6
video_180014,0
video_180060,31
video_180064,20
video_180107,13
video_180150,0
video_180157,6
video_180181,13
video_180184,3
video_180202,29
video_180232,12
video_180282,8
video_1803,8
video_180314,4
video_180335,29
video_180415,3
video_180427,12
video_180433,10
video_180437,1
video_180441,29
video_18045,22
video_180469,23
video_180477,12
video_180506,14
video_180539,12
video_180546,2
video_180579,9
video_180748,13
video_180762,18
video_180800,10
video_180808,30
video_180813,30
video_180821,32
video_18085,23
video_180875,24
video_180926,31
video_180943,25
video_180961,1
video_180994,10
video_181005,29
video_181047,24
video_181113,7
video_181176,4
video_181201,10
video_181218,28
video_181221,23
video_18128,3
video_181308,12
video_181333,19
video_181355,32
video_181361,22
video_181395,3
video_181453,23
video_181469,28
video_181472,24
video_18149,18
video_181525,32
video_181562,7
video_181675,3
video_181700,10
video_181723,12
video_181743,24
video_181771,10
video_181780,30
video_181843,3
video_181855,9
video_181884,8
video_182010,28
video_18211,8
video_182116,9
video_182145,30
video_182213,6
video_182234,12
video_182289,12
video_18229,15
video_182308,30
video_182310,4
video_182334,12
video_182356,5
video_182409,30
video_182412,9
video_182449,14
video_182469,7
video_182499,31
video_182500,10
video_182541,30
video_182612,4
video_182624,29
video_182746,9
video_182765,1
video_182822,10
video_182872,10
video_182883,10
video_182901,6
video_182927,31
video_182931,10
video_182956,30
video_182984,25
video_182992,32
video_18304,30
video_183071,30
video_183084,30
video_183088,9
video_183127,1
video_183161,5
video_18317,20
video_18319,7
video_183213,9
video_183220,22
video_18326,2
video_183325,10
video_183360,18
video_183369,30
video_183383,22
video_183395,12
video_183419,9
video_183441,5
video_183445,11
video_183446,13
video_183476,9
video_183481,18
video_183509,31
video_183561,12
video_183562,10
video_183587,30
video_183617,29
video_183634,9
video_183647,9
video_183665,31
video_183704,1
video_183780,30
video_183785,30
video_183819,21
video_183822,31
video_183842,10
video_183857,4
video_183871,11
video_183886,30
video_183895,10
video_183896,32
video_183903,7
video_183907,7
video_183910,29
video_183918,22
video_183994,25
video_184055,12
video_184071,6
video_184076,12
video_184105,4
video_184151,24
video_184156,31
video_184217,1
video_184250,9
video_184259,22
video_184260,23
video_184299,9
video_184352,21
video_184363,10
video_184367,8
video_184542,32
video_184576,6
video_184586,5
video_184594,24
video_18464,18
video_184664,10
video_184729,2
video_184738,5
video_18474,10
video_184752,4
video_184777,30
video_184787,0
video_184839,7
video_184885,9
video_184912,30
video_184915,4
video_185172,31
video_185179,12
video_185222,7
video_185238,3
video_185254,32
video_185273,32
video_185347,28
video_185412,9
video_185433,10
video_185450,14
video_185452,26
video_18546,18
video_18549,31
video_185505,6
video_185524,15
video_185564,1
video_185623,31
video_185678,7
video_185694,32
video_185744,14
video_185750,4
video_185783,12
video_185812,32
video_185850,12
video_185859,8
video_185869,9
video_185874,9
video_185898,0
video_185911,30
video_185971,1
video_186010,4
video_186028,22
video_186047,6
video_186051,23
video_186134,3
video_186147,10
video_186174,7
video_186178,10
video_186199,6
video_186257,3
video_186306,1
video_186308,24
video_186359,6
video_186363,11
video_186377,6
video_186420,18
video_186429,22
video_18644,14
video_186486,21
video_186490,30
video_186497,9
video_186561,22
video_186581,31
video_186611,3
video_186637,12
video_186657,4
video_186812,1
video_186832,10
video_186840,22
video_186869,1
video_186981,30
video_186983,9
video_186997,12
video_187008,1
video_187019,8
video_18703,19
video_187092,8
video_187119,1
video_187123,0
video_187154,9
video_187205,1
video_187208,6
video_187259,22
video_187266,3
video_187267,3
video_187313,3
video_187333,3
video_187339,31
video_187348,1
video_187364,32
video_187367,10
video_187436,8
video_187461,4
video_187538,7
video_187545,6
video_187548,28
video_187570,30
video_18758,1
video_18762,20
video_18765,12
video_187650,1
video_187652,12
video_187725,31
video_187736,8
video_187763,4
video_187811,8
video_187826,10
video_187837,1
video_187865,0
video_187929,12
video_187945,13
video_187972,12
video_188023,3
video_188045,10
video_188098,21
video_188128,21
video_188135,10
video_188205,4
video_188210,3
video_18835,6
video_188354,14
video_188370,22
video_188380,3
video_188389,8
video_188414,6
video_188448,30
video_188456,22
video_188520,30
video_188545,22
video_188554,12
video_188565,9
video_18858,8
video_188645,31
video_188690,28
video_188736,21
video_188738,12
video_188750,0
video_188753,7
video_188807,7
video_188812,18
video_188822,1
video_18892,6
video_189004,32
video_189163,28
video_189179,6
video_189181,10
video_189253,14
video_189263,21
video_189288,6
video_189293,12
video_189299,1
video_189339,32
video_189378,30
video_189384,8
video_189415,7
video_189431,10
video_189549,12
video_189573,30
video_189612,19
video_189637,10
video_189648,4
video_189709,28
video_189724,7
video_189754,3
video_18978,30
video_18982,14
video_189826,31
video_18987,28
video_1899,1
video_189912,10
video_189922,10
video_189958,24
video_19002,22
video_190047,2
video_19008,18
video_1901,28
video_190116,30
video_190150,24
video_190160,32
video_190206,14
video_190216,31
video_190231,1
video_190240,10
video_190277,30
video_19028,20
video_190291,8
video_190308,32
video_190315,2
video_190328,8
video_190355,10
video_19037,19
video_190390,18
video_1904,13
video_190402,21
video_190418,32
video_190433,18
video_190526,14
video_190548,3
video_190550,7
video_190588,7
video_190618,6
video_190633,8
video_190635,7
video_190637,22
video_190653,7
video_190656,0
video_190736,32
video_190772,0
video_190798,6
video_190802,4
video_190813,10
video_190843,31
video_190867,25
video_190929,22
video_190979,23
video_19103,22
video_191051,12
video_191094,29
video_191103,8
video_191116,8
video_191126,1
video_191216,8
video_191252,32
video_191274,18
video_19128,9
video_191317,4
video_191372,6
video_191374,9
video_191387,1
video_1914,29
video_191478,30
video_191554,10
video_191617,19
video_191633,19
video_191655,22
video_191672,23
video_191679,9
video_191755,10
video_191794,12
video_191823,31
video_191830,31
video_19188,1
video_191886,8
video_191943,30
video_191994,22
video_192031,23
video_192042,10
video_192080,30
video_192139,9
video_192163,7
video_192176,24
video_19218,1
video_192221,20
video_192227,9
video_19224,14
video_192246,12
video_192284,1
video_192295,5
video_192340,5
video_192402,9
video_192404,0
video_192429,9
video_192444,28
video_192448,10
video_192464,29
video_192479,20
video_192497,22
video_192502,28
video_192590,7
video_192620,12
video_192646,28
video_192656,9
video_192681,22
video_192713,14
video_192742,31
video_192804,29
video_192890,28
video_192891,22
video_192911,12
video_19297,1
video_193022,11
video_193027,9
video_193039,22
video_193044,22
video_193058,5
video_193081,22
video_193094,8
video_193118,3
video_193126,1
video_19315,5
video_193158,5
video_193227,7
video_193245,9
video_193330,2
video_193339,22
video_193346,1
video_193393,30
video_193395,23
video_193427,32
video_193446,26
video_193467,1
video_193481,6
video_193539,6
video_193561,30
video_193631,22
video_19366,19
video_193665,25
video_193812,29
video_193823,32
video_193836,30
video_193881,28
video_193893,10
video_193915,18
video_193982,30
video_193990,6
video_193995,30
video_193999,9
video_194146,18
video_194177,3
video_194193,10
video_19422,18
video_19423,6
video_194259,32
video_194261,32
video_194302,18
video_194305,22
video_194362,22
video_194365,3
video_194510,7
video_194515,11
video_194572,30
video_194626,3
video_194636,32
video_194661,6
video_194665,12
video_194690,28
video_194694,3
video_1947,28
video_19470,12
video_194701,6
video_194707,6
video_194738,0
video_194752,30
video_194770,30
video_194813,0
video_194871,30
video_194910,3
video_194968,6
video_195030,32
video_195054,28
video_195069,0
video_195070,29
video_195079,19
video_195095,30
video_195137,4
video_195170,4
video_19527,9
video_19529,23
video_195291,28
video_195325,1
video_19533,12
video_195346,25
video_195361,1
video_195377,3
video_195426,4
video_195436,3
video_195512,32
video_19554,6
video_195556,30
video_195659,12
video_195687,1
video_195712,30
video_195822,23
video_195856,12
video_195862,1
video_195892,9
video_195944,4
video_195947,12
video_195973,12
video_195978,31
video_196014,30
video_196029,12
video_196071,23
video_196073,9
video_196280,12
video_196322,7
video_196338,22
video_196339,29
video_196348,7
video_196371,31
video_19638,10
video_196439,15
video_19649,10
video_196513,18
video_196518,5
video_196551,29
video_196601,29
video_196619,5
video_196634,3
video_196667,18
video_196704,0
video_196711,12
video_196727,29
video_196739,19
video_196813,4
video_196850,12
video_196873,1
video_196914,21
video_196922,0
video_197033,16
video_197035,3
video_197078,13
video_197150,18
video_197212,6
video_197218,24
video_197246,7
video_19726,22
video_197285,4
video_197304,7
video_197305,31
video_197307,28
video_197326,3
video_197460,12
video_197467,1
video_197521,1
video_197550,28
video_197567,30
video_197570,31
video_197632,7
video_197637,12
video_197638,3
video_197722,3
video_197731,30
video_197753,1
video_197781,29
video_197804,23
video_197827,28
video_197863,11
video_197893,4
video_197909,24
video_197916,7
video_19793,19
video_197932,5
video_198061,9
video_19808,16
video_198097,1
video_198135,30
video_198137,14
video_198196,18
video_19820,13
video_198255,25
video_198274,31
video_19829,29
video_198292,12
video_198305,6
video_19835,5
video_198354,3
video_198355,21
video_198358,14
video_198363,25
video_198373,7
video_198396,30
video_198398,23
video_198411,25
video_198425,18
video_198480,24
video_198532,14
video_198555,8
video_198558,29
video_198568,10
video_198627,25
video_198632,31
video_198636,10
video_198658,22
video_198721,0
video_19873,10
video_198818,2
video_198830,5
video_198895,9
video_198910,14
video_198917,20
video_198958,12
video_198960,4
video_198983,23
video_199026,14
video_199033,22
video_199053,12
video_199083,22
video_199084,29
video_199139,20
video_19914,32
video_199195,28
video_199216,0
video_199265,8
video_19930,1
video_199323,2
video_199349,12
video_199379,29
video_199407,29
video_199529,10
video_199586,7
video_199613,30
video_199686,22
video_199718,22
video_199731,29
video_199852,3
video_199859,10
video_199860,30
video_199891,18
video_1999,7
video_199914,6
video_199938,10
video_199943,22
video_199952,14
video_199954,31
video_199969,7
video_200048,28
video_200070,23
video_200135,19
video_200150,0
video_200156,12
video_200157,25
video_200171,9
video_200177,9
video_200209,32
video_200216,28
video_200228,22
video_200236,3
video_200291,9
video_200321,4
video_200326,7
video_200327,1
video_200348,7
video_200352,14
video_200385,29
video_200411,3
video_200440,10
video_200442,31
video_200463,25
video_200582,8
video_200595,28
video_200622,0
video_200624,23
video_200693,21
video_200703,3
video_200786,7
video_200802,31
video_200850,6
video_200874,28
video_200965,24
video_200969,4
video_20098,12
video_201042,22
video_201079,30
video_201095,6
video_201114,23
video_201126,28
video_201139,3
video_201153,5
video_201174,29
video_201199,21
video_201213,8
video_201222,19
video_201256,9
video_201267,3
video_201277,29
video_201291,19
video_201295,12
video_201326,28
video_201407,4
video_201444,1
video_201451,12
video_201457,14
video_201500,32
video_201503,2
video_201519,10
video_20155,30
video_201639,30
video_201652,10
video_201723,9
video_201733,23
video_201820,32
video_201856,19
video_20186,1
video_201873,9
video_201891,32
video_201905,31
video_201912,18
video_201932,28
video_201948,32
video_201955,12
video_201969,18
video_202005,6
video_202007,30
video_202035,23
video_202044,2
video_202097,9
video_202136,31
video_202161,4
video_202191,22
video_202193,31
video_202215,1
video_202223,3
video_20225,11
video_20227,30
video_202311,28
video_202387,0
video_202393,32
video_202452,6
video_2025,32
video_202515,2
video_202534,31
video_202577,9
video_202578,8
video_202593,1
video_202635,1
video_202639,22
video_202648,6
video_202666,3
video_202700,31
video_202706,28
video_202710,2
video_202739,32
video_20274,0
video_202745,4
video_202798,29
video_202894,3
video_202922,7
video_202932,9
video_202937,29
video_20297,9
video_202971,30
video_202976,25
video_20301,22
video_203022,9
video_20303,1
video_203069,32
video_203155,9
video_203178,22
video_203241,31
video_203245,10
video_203261,0
video_203264,28
video_203321,6
video_203329,3
video_203365,11
video_203386,9
video_203388,19
video_203390,1
video_203443,24
video_203446,29
video_203458,14
video_203480,23
video_203484,12
video_203486,10
video_203494,10
video_203515,14
video_203526,22
video_203557,23
video_203572,10
video_203606,29
video_203607,3
video_203674,14
video_203675,10
video_20369,8
video_203738,28
video_203812,10
video_203831,8
video_203876,32
video_203889,25
video_20392,22
video_203962,30
video_203964,8
video_203984,28
video_203987,10
video_203998,0
video_204002,10
video_204004,8
video_204020,7
video_204066,18
video_204077,18
video_204078,2
video_204091,6
video_204102,25
video_204117,3
video_204179,7
video_204195,18
video_204252,9
video_204283,24
video_204320,6
video_204363,12
video_204460,10
video_204461,3
video_204467,30
video_204510,10
video_20453,7
video_204538,9
video_20465,7
video_204653,1
video_204688,31
video_204699,3
video_204730,1
video_204745,6
video_204834,30
video_204903,14
video_204930,7
video_204975,14
video_204989,5
video_205019,3
video_205043,14
video_205052,23
video_205055,29
video_205080,3
video_205153,6
video_205157,31
video_205176,8
video_205224,1
video_205322,19
video_20541,30
video_205431,14
video_205536,23
video_205549,32
video_205579,30
video_205599,30
video_205628,29
video_205647,30
video_20566,28
video_205675,3
video_205699,25
video_205709,6
video_205711,17
video_205712,7
video_205755,1
video_205772,10
video_205808,28
video_205823,1
video_205836,1
video_205845,2
video_205879,30
video_205895,17
video_205907,3
video_205925,18
video_205929,3
video_205947,6
video_206018,3
video_206032,2
video_206087,7
video_20614,30
video_206140,30
video_206173,3
video_206196,9
video_20624,6
video_20625,5
video_206271,31
video_206277,3
video_206278,7
video_206301,25
video_20634,31
video_206352,30
video_206363,30
video_206386,1
video_206431,1
video_206458,24
video_206461,9
video_206464,28
video_206472,28
video_206543,3
video_206547,5
video_206712,7
video_206718,19
video_206777,8
video_206778,19
video_206802,28
video_206901,10
video_206908,12
video_206959,13
video_206976,30
video_2070,1
video_207006,21
video_207057,1
video_207091,29
video_207092,31
video_207203,12
video_207218,10
video_207219,9
video_207253,0
video_207293,9
video_207294,31
video_207324,29
video_20734,28
video_207371,22
video_207381,1
video_207415,2
video_207434,31
video_207463,1
video_207485,7
video_207538,10
video_207562,12
video_207631,32
video_207675,22
video_2077,30
video_207711,5
video_207743,10
video_207758,30
video_207764,5
video_207787,10
video_207788,31
video_20779,19
video_207878,30
video_207957,23
video_207958,15
video_207964,0
video_207965,31
video_207978,6
video_208,1
video_208008,30
video_20804,10
video_208053,0
video_208082,28
video_208089,22
video_208120,1
video_208140,30
video_208153,3
video_208159,14
video_208161,31
video_208164,1
video_208170,8
video_208183,2
video_208187,6
video_208239,1
video_208241,4
video_208293,25
video_208317,1
video_208319,14
video_208358,31
video_208378,3
video_208477,30
video_208480,29
video_208489,2
video_208498,9
video_208549,24
video_208583,7
video_208593,31
video_208624,23
video_208704,32
video_208756,9
video_20883,24
video_208849,21
video_208906,29
video_208986,6
video_209119,12
video_209135,32
video_209181,7
video_209211,1
video_209242,12
video_209303,25
video_209318,30
video_209333,10
video_209340,2
video_20935,10
video_209377,21
video_209390,7
video_209391,10
video_209456,17
video_209489,19
video_209527,22
video_209570,12
video_209591,4
video_209638,22
video_20966,28
video_209685,0
video_209707,28
video_209747,7
video_209793,24
video_209803,24
video_209815,9
video_209816,22
video_209822,14
video_209850,1
video_209881,12
video_209922,30
video_209927,18
video_20996,10
video_209991,12
video_210006,5
video_210015,12
video_210016,4
video_210027,10
video_210034,3
video_210086,12
video_21010,13
video_210102,9
video_210112,18
video_210148,20
video_210170,7
video_210197,22
video_210363,20
video_210377,4
video_210379,28
video_21039,10
video_210416,7
video_210420,3
video_210475,30
video_21048,32
video_210532,30
video_210540,8
video_210547,30
video_210571,32
video_21060,3
video_210622,4
video_210685,2
video_210708,11
video_210717,20
video_210792,30
video_210813,12
video_210820,0
video_210893,30
video_21092,7
video_210936,25
video_211021,19
video_211026,21
video_21103,9
video_211063,7
video_21109,24
video_211105,12
video_211147,9
video_211174,12
video_211177,29
video_211192,28
video_211214,3
video_211302,32
video_211327,10
video_211332,29
video_211388,1
video_211395,30
video_211405,1
video_211422,13
video_211576,30
video_211594,10
video_211733,7
video_211746,30
video_21188,8
video_21189,5
video_2119,14
video_211907,10
video_21196,30
video_211976,12
video_211988,1
video_212045,14
video_212077,9
video_212087,1
video_212093,29
video_212103,14
video_212108,12
video_212159,6
video_212193,3
video_212255,10
video_21227,12
video_212285,9
video_212298,12
video_212339,5
video_212385,29
video_212397,6
video_212402,5
video_21242,30
video_212433,18
video_212435,10
video_212439,10
video_212513,12
video_212641,22
video_212663,28
video_212675,18
video_212772,16
video_212849,29
video_212875,1
video_212886,29
video_212933,9
video_212962,0
video_212968,8
video_213015,10
video_213016,21
video_213054,8
video_213186,12
video_213223,1
video_21323,12
video_213248,10
video_213282,30
video_213285,12
video_213287,6
video_213303,30
video_213374,7
video_213375,4
video_213419,3
video_213445,22
video_213482,18
video_213489,28
video_213492,15
video_213494,9
video_213507,28
video_21352,1
video_213540,28
video_21356,3
video_213570,32
video_213596,1
video_213654,31
video_213706,18
video_213736,31
video_213769,8
video_213771,20
video_213789,22
video_213818,30
video_213820,22
video_213849,3
video_213852,8
video_213979,4
video_214057,30
video_214075,11
video_214079,1
video_214096,12
video_21410,1
video_21413,2
video_214143,32
video_214156,24
video_214259,1
video_214282,8
video_214298,30
video_21430,3
video_214326,18
video_21441,30
video_214474,14
video_214499,6
video_214514,6
video_214542,7
video_214547,29
video_21455,30
video_214560,30
video_214591,9
video_214627,6
video_214645,1
video_214665,4
video_214672,14
video_214683,7
video_214713,31
video_214758,23
video_214780,1
video_214812,30
video_214868,19
video_214908,5
video_21498,0
video_214986,4
video_215001,2
video_215013,5
video_215031,1
video_215037,2
video_215038,14
video_215040,1
video_215043,10
video_215073,5
video_215084,18
video_215130,31
video_21516,10
video_215175,4
video_215201,1
video_21521,31
video_215260,32
video_215267,14
video_21533,7
video_215372,0
video_215415,8
video_215420,3
video_215423,6
video_215443,22
video_215455,3
video_215483,18
video_215510,32
video_21554,22
video_215544,9
video_215567,8
video_215617,22
video_215620,12
video_21567,23
video_21577,18
video_215802,6
video_21582,30
video_215846,25
video_215877,12
video_215908,5
video_215933,10
video_215940,32
video_215982,1
video_216011,2
video_216029,4
video_216056,12
video_216061,10
video_216080,30
video_216083,7
video_216084,8
video_216228,7
video_21628,32
video_21634,29
video_216371,11
video_216490,1
video_216495,22
video_216502,30
video_216522,22
video_216581,4
video_216644,11
video_216695,12
video_216702,20
video_21671,9
video_216710,6
video_216721,18
video_216766,0
video_216805,32
video_216812,1
video_216824,32
video_216892,5
video_216916,6
video_216919,23
video_216944,31
video_216955,10
video_216957,10
video_216976,15
video_217007,11
video_217008,19
video_217010,14
video_217032,7
video_217046,3
video_21710,22
video_217101,18
video_217113,13
video_217148,14
video_217169,28
video_217175,5
video_217206,12
video_217318,1
video_217319,20
video_217323,18
video_217375,2
video_217407,6
video_217474,5
video_217532,28
video_217538,4
video_217561,12
video_217599,28
video_217654,29
video_217658,9
video_217708,6
video_217767,7
video_217773,1
video_2178,9
video_217881,3
video_217882,1
video_217884,1
video_217951,1
video_217962,24
video_218024,0
video_218160,10
video_218176,7
video_218241,30
video_21825,10
video_218279,14
video_218297,1
video_218322,6
video_218351,13
video_21836,14
video_21842,3
video_21846,7
video_218488,10
video_218519,9
video_218540,32
video_218545,1
video_218546,7
video_218600,31
video_218653,30
video_218688,0
video_218724,28
video_218734,12
video_218754,13
video_218786,30
video_218840,31
video_218855,31
video_218933,14
video_218975,31
video_218982,4
video_2190,10
video_219025,28
video_219040,11
video_219041,22
video_219061,28
video_219082,6
video_219098,0
video_219142,30
video_219143,12
video_219246,12
video_219265,7
video_219273,8
video_21929,12
video_219417,8
video_219469,12
video_219472,1
video_219496,30
video_219582,12
video_219624,7
video_219632,5
video_219686,5
video_219702,21
video_219707,7
video_219723,8
video_21980,9
video_219809,8
video_219826,30
video_219855,6
video_219862,22
video_219879,1
video_219885,12
video_219903,22
video_219945,29
video_219987,19
video_219988,10
video_22000,23
video_220002,4
video_220017,0
video_220066,30
video_220141,32
video_220180,12
video_220211,7
video_220221,31
video_220283,2
video_220348,8
video_220370,29
video_220477,31
video_220508,28
video_220549,32
video_220586,11
video_220623,9
video_22068,25
video_22069,10
video_220696,10
video_220746,10
video_220747,8
video_220770,7
video_220812,7
video_220846,9
video_22096,3
video_22120,1
video_22142,5
video_22153,10
video_22247,12
video_22248,3
video_22289,19
video_22322,22
video_22328,8
video_2238,29
video_22403,18
video_22441,6
video_22442,30
video_22445,7
video_22507,10
video_22547,7
video_22605,28
video_22626,23
video_22640,8
video_22716,6
video_22718,5
video_22749,3
video_2275,3
video_22760,9
video_22766,31
video_22770,4
video_22866,7
video_22891,0
video_22907,30
video_22945,7
video_23006,10
video_23028,1
video_23049,13
video_23056,10
video_23060,1
video_23203,1
video_23236,8
video_23237,11
video_23251,1
video_23288,30
video_23321,7
video_23405,7
video_23418,18
video_23419,30
video_23456,5
video_23467,30
video_23489,31
video_23502,10
video_23555,30
video_23557,29
video_23627,28
video_23631,30
video_23693,4
video_23725,22
video_23779,18
video_23790,14
video_23815,12
video_23824,30
video_23902,29
video_23939,2
video_23962,6
video_23964,8
video_24092,3
video_24101,0
video_24161,6
video_24214,7
video_24225,29
video_24251,18
video_24351,25
video_2439,10
video_24390,9
video_24439,29
video_24453,5
video_24510,10
video_24538,14
video_24540,0
video_24570,32
video_24607,10
video_2464,6
video_24690,31
video_24694,1
video_24713,30
video_24722,21
video_24757,7
video_24771,1
video_24810,19
video_2484,28
video_24841,4
video_24869,7
video_24901,3
video_24916,4
video_24936,32
video_2495,1
video_24953,7
video_24956,32
video_25016,31
video_25030,1
video_25054,1
video_25056,3
video_25154,10
video_2518,1
video_25263,31
video_25325,3
video_25362,10
video_25369,30
video_25390,6
video_25391,6
video_25417,6
video_25459,7
video_25460,28
video_25553,30
video_2557,3
video_25698,22
video_257,1
video_25749,28
video_25766,31
video_25767,23
video_25778,6
video_25780,2
video_25826,31
video_25856,2
video_25862,14
video_25930,0
video_25934,4
video_25936,28
video_2596,12
video_26015,32
video_26059,11
video_26069,31
video_2607,8
video_26070,12
video_26074,29
video_26100,4
video_26143,2
video_26153,32
video_26168,14
video_26194,6
video_26197,12
video_26219,10
video_26318,0
video_26363,31
video_26388,10
video_26452,28
video_2647,2
video_2651,10
video_26515,4
video_26523,3
video_26540,30
video_26566,25
video_26613,29
video_26662,31
video_26666,9
video_26686,20
video_2672,20
video_26798,3
video_26840,28
video_26882,7
video_26930,22
video_26964,31
video_2703,14
video_27075,24
video_27090,13
video_27159,9
video_2716,4
video_27182,9
video_27200,12
video_27227,15
video_27250,11
video_27261,10
video_27271,5
video_27276,6
video_27288,0
video_27289,12
video_27328,22
video_27338,10
video_27378,1
video_27385,13
video_27406,6
video_27408,3
video_27435,14
video_27443,7
video_27468,9
video_27498,25
video_2762,12
video_27671,10
video_27676,9
video_27686,1
video_27694,15
video_27696,30
video_27717,1
video_27743,1
video_27751,28
video_27764,31
video_27782,2
video_27805,29
video_27866,3
video_27871,3
video_27885,7
video_27888,30
video_27915,29
video_27931,28
video_27934,31
video_27956,9
video_27983,30
video_28001,22
video_28023,7
video_28117,31
video_28150,3
video_28171,10
video_28242,8
video_28273,28
video_28286,8
video_28291,18
video_2832,10
video_28323,1
video_28355,3
video_28367,2
video_28412,3
video_28441,18
video_28454,28
video_28506,12
video_28511,31
video_28625,14
video_28632,12
video_28637,30
video_2865,6
video_28662,1
video_28677,10
video_28680,7
video_28692,9
video_28695,8
video_28696,12
video_28726,30
video_28737,0
video_28780,4
video_28784,1
video_2881,12
video_28833,10
video_28837,8
video_28945,21
video_28950,18
video_29010,7
video_29032,6
video_29035,19
video_2905,12
video_29058,7
video_29090,21
video_29147,3
video_29158,30
video_29168,12
video_29203,23
video_29207,19
video_29248,3
video_29271,6
video_2928,22
video_29286,23
video_29388,8
video_29436,5
video_2964,3
video_29669,8
video_29685,7
video_29688,0
video_29706,9
video_29723,32
video_2973,9
video_29733,30
video_2976,28
video_29772,9
video_29786,14
video_29817,5
video_29844,7
video_29868,1
video_29877,32
video_29880,7
video_29901,1
video_29935,10
video_29940,13
video_29946,23
video_29965,0
video_30043,11
video_30044,8
video_30076,29
video_30088,7
video_30093,22
video_30101,12
video_30139,31
video_30142,14
video_30158,22
video_30164,11
video_30184,7
video_3019,28
video_30204,29
video_30232,8
video_30255,30
video_30326,4
video_30338,0
video_30342,23
video_30343,5
video_30374,25
video_30408,0
video_30425,4
video_30466,1
video_30523,8
video_30527,3
video_30528,25
video_30541,6
video_30551,1
video_30598,12
video_30643,22
video_30679,12
video_3068,29
video_3069,22
video_30732,31
video_30857,10
video_30863,21
video_30864,10
video_30865,28
video_30870,3
video_30879,14
video_30888,7
video_30924,1
video_30958,14
video_30980,30
video_30982,22
video_30996,23
video_31046,6
video_31096,10
video_31102,30
video_3117,12
video_31217,18
video_31240,30
video_31253,22
video_31283,29
video_31334,2
video_31336,10
video_31396,28
video_31446,7
video_31465,9
video_31466,28
video_31490,25
video_31505,12
video_31507,7
video_31549,29
video_31564,15
video_31611,32
video_31670,12
video_31675,28
video_31699,29
video_31743,5
video_31802,1
video_31876,5
video_31881,30
video_3189,1
video_31925,10
video_31975,12
video_32007,0
video_32150,10
video_32177,32
video_3222,23
video_32238,1
video_32255,18
video_32276,28
video_32285,22
video_32322,28
video_32393,3
video_32411,1
video_32440,10
video_32462,31
video_32473,1
video_32485,12
video_32495,10
video_32530,7
video_32535,12
video_32669,32
video_3273,7
video_32748,18
video_32798,2
video_3288,10
video_32905,14
video_32935,29
video_32936,10
video_32997,21
video_32999,14
video_33027,7
video_33077,12
video_33125,22
video_33165,1
video_33179,18
video_33214,32
video_3325,14
video_33268,1
video_33275,32
video_33318,29
video_33336,25
video_33376,1
video_33403,0
video_33410,22
video_3342,24
video_33424,9
video_33428,14
video_33460,14
video_33510,8
video_33524,30
video_33589,19
video_33596,30
video_33673,14
video_33716,2
video_33840,14
video_33850,10
video_33874,28
video_33907,28
video_3391,30
video_33912,14
video_33920,10
video_33947,9
video_33970,9
video_33979,3
video_34021,4
video_34025,31
video_3410,30
video_34115,1
video_34160,22
video_34167,3
video_34226,6
video_34227,30
video_34237,1
video_34239,30
video_34259,28
video_34321,9
video_3434,12
video_34353,24
video_34390,10
video_34397,7
video_34407,12
video_34474,4
video_34476,29
video_34513,1
video_34519,8
video_34588,21
video_3459,5
video_34591,5
video_34595,2
video_34644,14
video_34696,8
video_34711,22
video_34721,4
video_34723,10
video_3473,30
video_34734,18
video_34823,30
video_34834,8
video_34883,30
video_34964,28
video_34981,1
video_34991,3
video_35000,12
video_35045,1
video_35082,9
video_35141,24
video_35166,31
video_35182,9
video_3519,6
video_35195,22
video_35275,25
video_35358,8
video_35361,14
video_35447,4
video_35452,25
video_35460,24
video_35461,23
video_35495,29
video_355,30
video_35524,4
video_35546,30
video_35590,5
video_35647,2
video_35658,10
video_35705,25
video_35753,1
video_35854,12
video_35918,30
video_35928,21
video_35932,0
video_35942,9
video_35969,9
video_35972,12
video_35973,4
video_35984,30
video_36050,7
video_36115,30
video_36171,22
video_36313,31
video_3639,18
video_36447,1
video_36463,30
video_36472,19
video_36489,28
video_36531,10
video_36624,22
video_36638,31
video_36666,8
video_36707,10
video_36740,1
video_36756,4
video_36757,5
video_36780,25
video_36811,28
video_36817,10
video_36821,18
video_36853,12
video_36884,1
video_36902,10
video_36959,13
video_36969,3
video_37034,18
video_37041,0
video_37298,4
video_37310,1
video_37343,11
video_37384,20
video_37409,14
video_37482,5
video_3753,17
video_37547,9
video_3756,10
video_37600,32
video_37614,6
video_37628,24
video_37671,30
video_37695,22
video_37699,30
video_37711,12
video_37758,8
video_37760,3
video_37840,10
video_37852,9
video_37866,0
video_37874,22
video_37877,1
video_37961,0
video_3798,10
video_37993,9
video_37999,29
video_38067,14
video_38077,7
video_38078,10
video_38107,8
video_38126,9
video_38129,3
video_38132,5
video_38227,29
video_3824,1
video_38268,12
video_38294,25
video_38319,19
video_38320,31
video_38330,7
video_38334,1
video_38354,12
video_38360,30
video_3841,12
video_38468,12
video_38478,31
video_38480,23
video_38492,23
video_38536,4
video_38544,4
video_38582,6
video_38618,3
video_3864,22
video_38647,4
video_38652,14
video_38663,25
video_38670,1
video_38706,20
video_38739,29
video_38773,13
video_38790,9
video_38809,0
video_38812,7
video_38818,7
video_38858,1
video_38938,28
video_39058,12
video_39059,1
video_39069,29
video_39072,6
video_39114,31
video_39115,22
video_39116,28
video_39121,12
video_39149,31
video_39188,8
video_39226,30
video_39253,9
video_3926,28
video_39272,4
video_39279,22
video_39304,1
video_39340,2
video_39341,21
video_39373,1
video_39419,6
video_39428,6
video_39442,21
video_39545,23
video_3956,7
video_39571,4
video_39582,14
video_39609,4
video_39633,2
video_39649,3
video_39677,2
video_3975,10
video_3980,22
video_3981,20
video_39821,10
video_39953,29
video_400,26
video_4000,6
video_40017,19
video_40060,10
video_401,6
video_40100,9
video_40160,10
video_40188,10
video_4022,1
video_40248,8
video_40289,28
video_40300,28
video_40325,12
video_40362,5
video_40364,12
video_40429,30
video_40436,10
video_40490,5
video_40497,7
video_40508,29
video_40546,30
video_40552,22
video_40572,9
video_40687,9
video_40692,30
video_407,10
video_40762,12
video_40763,32
video_40765,14
video_40829,6
video_4085,11
video_40866,8
video_40892,15
video_40900,28
video_40943,18
video_40975,12
video_40988,9
video_41018,18
video_41092,5
video_41122,8
video_41146,4
video_41152,4
video_41164,30
video_41249,15
video_41251,23
video_41258,25
video_4127,1
video_41281,3
video_41283,25
video_41317,14
video_41451,30
video_41461,19
video_4148,1
video_41484,28
video_4149,3
video_41525,30
video_41532,3
video_41533,4
video_41562,18
video_4157,9
video_41589,18
video_41606,30
video_41751,4
video_41763,4
video_41770,5
video_41808,15
video_41905,8
video_41976,18
video_4200,10
video_42023,6
video_42099,14
video_42177,0
video_42221,12
video_42261,6
video_42270,9
video_42288,1
video_4229,30
video_42307,4
video_42364,10
video_42386,29
video_42460,4
video_42476,4
video_42525,28
video_42622,6
video_42646,3
video_42703,31
video_42711,9
video_42719,30
video_42724,12
video_42726,9
video_42757,10
video_42779,19
video_43,7
video_43003,18
video_43028,29
video_43029,15
video_43030,4
video_4304,7
video_4306,7
video_4307,21
video_43114,10
video_4315,7
video_43242,6
video_43244,5
video_43250,13
video_43339,3
video_43388,6
video_43394,6
video_43399,28
video_43402,10
video_43427,24
video_43452,1
video_43457,28
video_43485,2
video_4350,9
video_43622,29
video_43649,0
video_43667,30
video_43670,0
video_43746,23
video_43753,8
video_43762,1
video_43789,6
video_438,6
video_43897,8
video_4390,9
video_43903,28
video_43921,20
video_43947,20
video_43974,6
video_43997,3
video_43998,1
video_44001,30
video_44011,4
video_44013,10
video_44030,0
video_44062,31
video_4408,6
video_44120,30
video_44124,1
video_44178,4
video_44216,10
video_44272,5
video_4428,22
video_44384,21
video_44406,17
video_44417,23
video_4449,24
video_44490,6
video_4450,25
video_44535,3
video_44541,32
video_44569,23
video_44584,29
video_44642,18
video_44646,0
video_44654,30
video_44678,30
video_44761,30
video_44764,0
video_44779,32
video_44783,11
video_44790,22
video_44791,25
video_44805,9
video_44874,28
video_4489,7
video_44920,8
video_44944,0
video_45003,12
video_45029,13
video_45071,31
video_45101,28
video_45117,32
video_45173,5
video_45218,28
video_45245,30
video_45271,7
video_45280,12
video_45289,23
video_45296,32
video_45359,4
video_45360,9
video_45380,18
video_45407,14
video_45439,12
video_45498,9
video_45555,30
video_45576,10
video_45591,19
video_45601,22
video_4568,25
video_45798,9
video_45804,12
video_45810,12
video_45831,6
video_45832,10
video_45875,9
video_4588,1
video_45881,4
video_45924,10
video_46019,30
video_46023,10
video_46024,6
video_46047,29
video_46070,30
video_46093,18
video_46133,3
video_46152,6
video_46198,24
video_4626,7
video_46286,4
video_46340,30
video_46347,10
video_46393,29
video_46495,28
video_46499,30
video_46502,23
video_46503,23
video_46565,12
video_46570,12
video_46615,31
video_46635,10
video_46652,12
video_46656,9
video_46664,8
video_4671,22
video_46758,30
video_46759,1
video_46773,3
video_46821,25
video_46857,4
video_4688,28
video_46896,23
video_46931,1
video_46956,8
video_46959,23
video_46981,10
video_47012,18
video_47020,1
video_47048,12
video_47053,0
video_47084,7
video_47103,7
video_47178,6
video_47201,3
video_47202,6
video_47213,22
video_47228,22
video_47231,32
video_47250,10
video_47275,30
video_47287,1
video_47334,9
video_4735,5
video_47418,1
video_47448,30
video_47449,29
video_47516,8
video_47525,32
video_47543,3
video_47591,6
video_47617,7
video_47705,30
video_47719,30
video_47745,3
video_47790,18
video_47807,24
video_47874,30
video_47876,25
video_47933,1
video_47948,30
video_47967,2
video_47968,31
video_47970,19
video_47974,1
video_48000,31
video_48043,25
video_48054,7
video_48079,10
video_48116,2
video_48124,18
video_48139,22
video_48174,10
video_48232,7
video_48245,21
video_48247,22
video_48260,12
video_48285,25
video_48287,9
video_48330,13
video_48338,31
video_48365,1
video_48374,14
video_4842,30
video_48447,22
video_48463,5
video_48471,28
video_48496,6
video_48529,6
video_48543,8
video_48546,23
video_48557,3
video_48571,30
video_48576,13
video_48616,32
video_48683,2
video_48719,3
video_48729,32
video_4873,8
video_48804,7
video_48834,10
video_48925,1
video_49011,9
video_4905,29
video_49067,6
video_4915,7
video_49218,2
video_4928,18
video_49296,32
video_49328,19
video_49361,30
video_4950,7
video_49512,30
video_49513,5
video_49531,32
video_49535,10
video_49575,31
video_49618,30
video_49621,12
video_49628,30
video_49685,30
video_49732,1
video_49736,10
video_498,30
video_4988,21
video_49928,12
video_50049,12
video_50057,29
video_50058,24
video_50060,4
video_50062,28
video_50101,3
video_5011,7
video_50119,22
video_50130,32
video_50145,23
video_50161,1
video_50176,31
video_50209,22
video_50248,30
video_50255,30
video_50287,10
video_50314,5
video_50357,0
video_50407,29
video_50442,6
video_5061,1
video_50611,1
video_50622,1
video_50684,21
video_50685,8
video_50687,3
video_50714,0
video_50761,22
video_50768,9
video_50778,12
video_50801,31
video_50809,2
video_50813,30
video_50819,29
video_50827,28
video_50861,30
video_50898,1
video_50948,3
video_50960,30
video_50979,14
video_51001,9
video_51006,7
video_51086,3
video_51154,12
video_51161,18
video_51182,1
video_51235,4
video_51293,8
video_51326,11
video_51341,30
video_51344,24
video_51377,6
video_51447,2
video_51471,18
video_51603,2
video_51612,14
video_51643,31
video_51665,6
video_51667,24
video_51680,29
video_51699,6
video_51735,1
video_51827,5
video_51840,5
video_5185,9
video_51878,10
video_51887,24
video_51894,1
video_51964,19
video_51980,32
video_51987,13
video_52006,19
video_52011,6
video_52012,30
video_52021,30
video_52030,8
video_52033,25
video_5204,13
video_52045,23
video_52110,1
video_52116,29
video_52123,18
video_52126,10
video_52177,24
video_52227,20
video_52282,30
video_52291,30
video_52389,10
video_52429,0
video_52434,23
video_52459,21
video_52471,1
video_52473,25
video_52476,19
video_52588,22
video_5274,22
video_5290,23
video_52959,18
video_52964,9
video_52988,28
video_53118,1
video_5312,14
video_53228,12
video_53265,3
video_5329,32
video_5332,30
video_53328,23
video_53383,8
video_53389,28
video_53400,10
video_53428,2
video_53439,28
video_53449,6
video_53450,22
video_53486,3
video_53513,30
video_53516,28
video_53517,32
video_53563,18
video_5359,28
video_53632,2
video_53669,10
video_53704,1
video_53732,12
video_53767,3
video_53831,12
video_5386,6
video_53876,30
video_53892,19
video_53894,30
video_53910,22
video_53914,0
video_53991,31
video_54035,29
video_54055,32
video_54151,8
video_5418,29
video_54197,29
video_54255,9
video_54317,28
video_54345,1
video_54369,22
video_54381,9
video_54395,1
video_54408,12
video_54411,1
video_54448,1
video_54498,14
video_54532,10
video_54760,30
video_54774,0
video_54902,12
video_54910,10
video_54927,6
video_54948,12
video_5496,24
video_550,14
video_55005,7
video_55021,1
video_5506,22
video_55215,4
video_55223,10
video_55237,12
video_55249,3
video_55277,2
video_55279,3
video_55298,24
video_55312,9
video_55324,8
video_55327,28
video_55344,1
video_55514,4
video_55517,24
video_55547,0
video_5557,6
video_55593,30
video_55630,20
video_55692,10
video_55746,4
video_55751,22
video_55772,21
video_55785,9
video_55816,9
video_55822,12
video_5583,8
video_55830,28
video_5584,22
video_55843,22
video_55845,10
video_55853,28
video_5586,23
video_55876,32
video_55887,2
video_55892,30
video_5592,21
video_56009,0
video_5601,3
video_56016,23
video_5607,22
video_56082,29
video_56096,3
video_56139,1
video_56153,24
video_56172,32
video_56174,12
video_56176,2
video_5619,30
video_56198,0
video_56209,7
video_56217,3
video_56218,32
video_56242,9
video_56246,22
video_56253,10
video_56338,28
video_56358,30
video_56365,30
video_56375,28
video_56377,5
video_56390,1
video_56416,20
video_56448,18
video_56450,22
video_56459,8
video_56460,12
video_56474,22
video_56556,6
video_56574,28
video_56600,6
video_56662,6
video_56665,30
video_56745,7
video_56746,6
video_56753,10
video_56756,12
video_5683,28
video_56878,10
video_56921,32
video_56998,1
video_57008,1
video_57058,13
video_57064,32
video_57101,28
video_57117,1
video_57166,6
video_57168,4
video_57171,4
video_57187,14
video_57253,9
video_57275,30
video_57308,30
video_5731,31
video_57349,12
video_57361,3
video_57376,22
video_57416,31
video_57422,30
video_57443,0
video_57538,32
video_57568,30
video_57584,5
video_57591,10
video_57616,30
video_57623,1
video_5763,18
video_57632,30
video_57648,2
video_5768,1
video_57700,30
video_57769,3
video_57789,29
video_57817,3
video_57839,7
video_5784,29
video_57893,12
video_57954,3
video_57968,30
video_57987,12
video_58087,1
video_5809,7
video_58103,10
video_58117,31
video_58153,23
video_58219,22
video_58318,19
video_58333,1
video_58334,25
video_58364,7
video_58421,5
video_58454,12
video_58516,25
video_58518,3
video_58529,3
video_58534,25
video_58670,5
video_58701,9
video_58719,21
video_58731,23
video_58743,1
video_58746,0
video_58798,10
video_58799,4
video_588,30
video_58882,29
video_58885,9
video_58998,10
video_59000,9
video_59016,18
video_59025,10
video_59032,19
video_59118,30
video_59119,10
video_59155,22
video_59157,3
video_5917,10
video_59178,30
video_59196,30
video_59228,21
video_59251,10
video_59265,12
video_59292,10
video_59314,26
video_59317,31
video_59346,31
video_59394,21
video_59402,4
video_59463,9
video_59496,12
video_59518,30
video_59519,12
video_59561,1
video_596,10
video_59604,31
video_59608,13
video_59609,1
video_59653,1
video_59677,25
video_59747,21
video_59877,24
video_59914,10
video_59928,10
video_59963,12
video_59980,9
video_59997,22
video_60054,12
video_60061,20
video_60080,18
video_60146,30
video_60161,7
video_60190,32
video_60211,7
video_6027,29
video_60319,14
video_60369,19
video_60390,30
video_604,1
video_60405,9
video_60427,13
video_60429,18
video_607,1
video_60773,6
video_60783,8
video_60840,28
video_60858,29
video_60876,1
video_60926,10
video_61026,1
video_61035,18
video_61048,6
video_61049,22
video_61066,30
video_61100,10
video_61120,1
video_61161,20
video_61197,9
video_61200,5
video_61209,20
video_61249,0
video_61280,7
video_61302,7
video_61332,30
video_61340,1
video_61350,1
video_61368,5
video_61376,22
video_61432,18
video_61555,21
video_61556,31
video_61571,9
video_6158,22
video_61581,0
video_61582,12
video_6160,14
video_61663,12
video_61689,2
video_61732,7
video_61793,10
video_61848,12
video_61872,5
video_61971,1
video_62014,12
video_62020,10
video_62034,3
video_6204,18
video_62040,8
video_62046,1
video_62139,1
video_62172,1
video_62342,29
video_6235,14
video_62363,0
video_62390,24
video_62400,30
video_62405,29
video_6250,7
video_62520,10
video_62574,12
video_62585,1
video_62635,3
video_62749,7
video_62847,22
video_62851,23
video_62876,12
video_6289,14
video_62917,10
video_62975,14
video_62988,10
video_62997,1
video_63028,1
video_63052,12
video_63066,17
video_63074,4
video_63075,15
video_63079,1
video_63144,3
video_63149,24
video_63169,3
video_6324,9
video_63329,32
video_63339,18
video_63505,6
video_63507,1
video_63511,30
video_63513,1
video_63574,13
video_63576,18
video_63583,10
video_63592,30
video_63601,5
video_63602,5
video_63603,9
video_63627,1
video_63649,22
video_63690,22
video_63701,9
video_6372,30
video_63727,1
video_63748,9
video_63768,30
video_63799,22
video_63835,12
video_63845,32
video_63856,12
video_63865,30
video_63868,10
video_63958,3
video_63968,7
video_63994,10
video_64000,28
video_64004,25
video_64010,1
video_64093,3
video_64183,10
video_64200,12
video_64242,7
video_64247,1
video_64275,4
video_64283,28
video_64318,5
video_64354,30
video_64364,32
video_64468,5
video_64536,0
video_64579,8
video_64653,4
video_64659,30
video_64670,19
video_64676,24
video_64698,22
video_64772,12
video_64782,13
video_64844,12
video_64866,12
video_6487,10
video_64891,0
video_64896,18
video_64936,30
video_64939,12
video_64946,31
video_64954,1
video_64984,7
video_65057,8
video_65079,3
video_65103,25
video_65136,14
video_65190,0
video_65236,21
video_65242,1
video_65243,6
video_65246,28
video_6528,30
video_65288,1
video_65305,9
video_65332,31
video_65353,3
video_65392,1
video_65427,12
video_65438,8
video_65447,10
video_65451,1
video_65452,6
video_65474,22
video_65528,31
video_6558,29
video_65587,3
video_656,1
video_65624,1
video_65686,12
video_65750,6
video_65773,28
video_65774,19
video_65782,10
video_65786,3
video_65791,10
video_65795,2
video_65840,8
video_65938,7
video_6595,21
video_66001,31
video_66023,7
video_66053,31
video_66075,3
video_66133,6
video_66148,29
video_6615,0
video_66151,5
video_66177,4
video_66210,31
video_66249,8
video_66265,1
video_66275,32
video_66330,32
video_66350,24
video_66375,5
video_66441,8
video_66483,7
video_66515,3
video_66537,22
video_66553,11
video_66567,12
video_66697,28
video_66709,1
video_66718,12
video_6672,18
video_66762,29
video_66805,30
video_66830,12
video_66862,12
video_66910,28
video_66933,6
video_66959,10
video_66980,23
video_66984,30
video_67027,32
video_67086,8
video_67105,31
video_67172,7
video_67204,9
video_67256,4
video_67258,20
video_6727,6
video_67290,1
video_67330,30
video_67364,6
video_67374,6
video_67383,1
video_67429,0
video_67473,19
video_67484,25
video_67497,23
video_675,14
video_67509,29
video_67518,28
video_67568,30
video_67614,12
video_67625,10
video_67686,31
video_67690,28
video_67701,20
video_67705,23
video_67713,10
video_67731,3
video_67765,32
video_67773,22
video_67803,3
video_6783,32
video_67857,22
video_6786,2
video_67861,30
video_67892,28
video_67998,3
video_68002,0
video_68018,1
video_68052,12
video_68055,17
video_68092,1
video_68104,8
video_6811,1
video_68113,6
video_68141,6
video_68190,10
video_68286,22
video_68320,22
video_68337,31
video_68347,6
video_6843,7
video_6850,23
video_68532,32
video_68535,5
video_6859,3
video_68590,1
video_68596,2
video_68603,7
video_68651,10
video_68675,30
video_68813,14
video_68875,12
video_68998,30
video_69014,12
video_69017,29
video_69030,6
video_69100,22
video_69124,0
video_69134,0
video_69200,7
video_69278,13
video_6931,6
video_69341,10
video_69343,29
video_69382,22
video_69447,7
video_69509,31
video_69511,2
video_69540,2
video_69549,6
video_69576,5
video_69585,29
video_69588,3
video_6963,1
video_69632,31
video_69640,28
video_69651,4
video_69658,12
video_69670,31
video_69684,21
video_69691,3
video_69724,25
video_69738,9
video_69764,9
video_69788,1
video_69842,6
video_69855,4
video_69922,31
video_70012,12
video_70035,3
video_70109,22
video_70113,10
video_70152,30
video_70182,12
video_70197,20
video_7022,1
video_70224,6
video_70237,3
video_70293,24
video_70295,12
video_70319,32
video_70322,28
video_7033,7
video_7035,10
video_70353,6
video_70399,7
video_704,0
video_70460,13
video_70490,10
video_70526,30
video_70605,3
video_70623,32
video_70640,25
video_70698,7
video_70705,24
video_7071,6
video_70715,3
video_70748,6
video_70866,10
video_70893,31
video_70895,9
video_70914,7
video_70933,30
video_70939,2
video_70958,1
video_7102,28
video_71056,12
video_71084,3
video_71123,28
video_7115,1
video_71197,9
video_71258,1
video_71276,7
video_71294,3
video_71310,10
video_71331,29
video_71349,0
video_71367,1
video_71401,7
video_71404,31
video_7141,28
video_71414,9
video_71459,7
video_71569,0
video_71628,8
video_71638,7
video_71663,13
video_71673,7
video_71825,3
video_71828,32
video_71866,23
video_71946,24
video_72000,9
video_72017,4
video_72039,5
video_72071,22
video_72090,18
video_72111,30
video_72133,13
video_72161,12
video_72191,30
video_7235,9
video_72405,28
video_72578,6
video_72591,3
video_72597,22
video_72621,10
video_72650,30
video_72683,18
video_72713,9
video_72732,18
video_72740,7
video_72752,10
video_72762,19
video_72771,28
video_72781,30
video_72881,10
video_72933,1
video_7294,4
video_72984,6
video_730,12
video_73004,3
video_73013,28
video_73015,18
video_73041,8
video_73050,3
video_73077,4
video_73079,15
video_73084,30
video_73162,8
video_73178,14
video_73203,4
video_73230,12
video_73251,31
video_73254,6
video_7328,10
video_73280,7
video_73304,9
video_73389,6
video_73400,32
video_73443,4
video_7346,21
video_73533,7
video_73562,3
video_7357,19
video_73614,12
video_73626,3
video_73645,9
video_73648,7
video_73659,7
video_73694,28
video_73704,10
video_73731,22
video_73748,9
video_73768,6
video_73772,8
video_73783,19
video_73910,28
video_73956,1
video_7397,25
video_7400,19
video_74011,7
video_74030,1
video_74040,4
video_74043,28
video_7409,28
video_74093,10
video_74159,32
video_74161,23
video_74174,7
video_74212,18
video_74215,7
video_74223,30
video_74244,9
video_74361,13
video_74368,22
video_74373,18
video_74410,28
video_74417,0
video_74490,3
video_74501,10
video_74502,22
video_74553,6
video_74597,7
video_74609,1
video_74622,4
video_74646,9
video_74677,23
video_7468,10
video_74693,6
video_74700,3
video_74722,0
video_74780,30
video_74781,18
video_74784,10
video_74806,22
video_74867,14
video_74903,4
video_74958,30
video_74974,4
video_75041,12
video_75059,5
video_75070,6
video_7511,29
video_75128,30
video_75133,8
video_75144,4
video_75182,4
video_75222,0
video_7524,8
video_75286,18
video_75300,3
video_75329,31
video_75363,12
video_75365,3
video_75406,3
video_75427,4
video_75448,12
video_75507,7
video_75534,30
video_75616,12
video_75694,31
video_75711,12
video_75726,21
video_75729,10
video_75765,10
video_75799,8
video_75813,22
video_75853,28
video_75862,0
video_75956,30
video_75968,30
video_76001,6
video_76018,28
video_76052,12
video_76067,22
video_76085,29
video_76092,30
video_76205,23
video_76236,7
video_76248,22
video_76251,8
video_76279,28
video_76348,22
video_76350,31
video_7641,25
video_76481,23
video_76486,10
video_76539,31
video_7656,31
video_76586,9
video_7666,6
video_76674,12
video_76717,1
video_76778,9
video_76783,31
video_76826,30
video_7684,30
video_76898,7
video_76909,20
video_76927,30
video_76947,14
video_76958,1
video_76960,30
video_76997,0
video_77034,10
video_77040,1
video_77102,25
video_77156,6
video_77160,14
video_77189,5
video_77232,28
video_77251,0
video_7735,6
video_77352,10
video_77372,1
video_77385,32
video_774,30
video_77411,4
video_77423,1
video_77430,29
video_77448,3
video_7745,28
video_77464,3
video_77498,10
video_77504,25
video_77540,10
video_77613,12
video_77645,3
video_77658,32
video_77663,1
video_7768,18
video_77747,1
video_77776,28
video_77830,7
video_77836,22
video_77837,4
video_77838,25
video_77845,3
video_77910,0
video_77920,30
video_77952,1
video_77969,14
video_77985,30
video_77996,31
video_78005,4
video_78016,29
video_78033,6
video_78079,7
video_78130,32
video_78163,6
video_78182,9
video_78186,30
video_78210,7
video_78228,6
video_78349,2
video_78366,7
video_78411,29
video_78412,3
video_78440,7
video_78442,0
video_78514,9
video_78525,28
video_78547,9
video_78562,31
video_78653,12
video_78668,30
video_78686,10
video_78702,20
video_78703,2
video_78715,19
video_78785,9
video_78824,29
video_78832,10
video_78860,28
video_78920,1
video_78923,30
video_78924,22
video_78962,4
video_78965,2
video_78972,12
video_78976,13
video_79009,4
video_79046,1
video_79081,6
video_79095,20
video_79142,10
video_79176,5
video_79183,12
video_79238,14
video_79245,22
video_79278,17
video_7930,1
video_79326,30
video_79346,18
video_79348,18
video_79359,9
video_79360,28
video_79367,6
video_79391,1
video_79394,0
video_79409,10
video_79450,32
video_79461,9
video_79475,20
video_7948,10
video_79494,28
video_79527,6
video_79568,4
video_79573,0
video_79580,32
video_79622,12
video_79657,11
video_79691,3
video_79722,6
video_79727,32
video_79745,7
video_79756,30
video_79772,19
video_79853,0
video_79881,13
video_79929,1
video_7995,24
video_80017,4
video_80018,4
video_80056,28
video_80137,22
video_80164,30
video_80192,20
video_80314,30
video_80355,21
video_80381,7
video_80467,6
video_80493,10
video_80499,18
video_80516,22
video_80541,14
video_80546,28
video_80616,9
video_80682,14
video_80719,22
video_80809,30
video_8081,22
video_80827,19
video_80830,30
video_80832,22
video_80887,31
video_80903,8
video_80914,10
video_8093,5
video_80942,30
video_80949,28
video_81015,14
video_81077,24
video_81125,1
video_81174,10
video_81178,8
video_81197,28
video_8125,0
video_81288,10
video_81302,30
video_81331,1
video_81344,1
video_81349,5
video_81362,18
video_81364,30
video_81451,7
video_81458,12
video_81491,32
video_8150,29
video_81504,9
video_81535,4
video_81557,30
video_81560,14
video_81581,30
video_81663,1
video_81768,1
video_81770,8
video_81779,4
video_81808,3
video_81831,12
video_81903,28
video_81917,0
video_81936,32
video_81963,8
video_81995,1
video_81997,20
video_82044,29
video_82084,23
video_82127,2
video_82232,21
video_82233,4
video_82254,32
video_82258,28
video_8226,24
video_82315,5
video_8241,9
video_8243,28
video_82462,12
video_82473,8
video_82490,9
video_82495,30
video_82565,32
video_82569,12
video_82600,2
video_82629,6
video_82716,9
video_82728,21
video_82730,6
video_82731,10
video_82759,31
video_82832,18
video_82857,6
video_82925,8
video_82932,31
video_83062,21
video_8311,0
video_83148,3
video_83173,20
video_83231,0
video_83326,21
video_83328,22
video_83337,9
video_83357,3
video_83408,28
video_83497,1
video_83534,31
video_83575,15
video_83596,4
video_83631,4
video_83643,9
video_83647,14
video_8365,1
video_83670,30
video_83672,9
video_83721,0
video_8373,12
video_83738,30
video_83771,12
video_83782,4
video_83808,19
video_83849,14
video_83889,14
video_83927,29
video_8396,31
video_84010,12
video_84022,4
video_84033,8
video_84084,4
video_84096,29
video_84183,1
video_84193,30
video_8423,30
video_84319,18
video_84411,28
video_84470,30
video_84525,9
video_84566,23
video_84583,31
video_8459,25
video_84591,28
video_84624,2
video_84630,31
video_84648,25
video_84798,0
video_84850,29
video_84852,32
video_84922,10
video_85126,1
video_85183,9
video_85228,19
video_85271,7
video_85272,14
video_85278,4
video_85325,1
video_85343,0
video_85383,32
video_85439,24
video_85449,0
video_85471,0
video_85550,9
video_85552,1
video_85566,22
video_85613,8
video_85627,8
video_85633,0
video_85666,13
video_8567,31
video_85672,10
video_85714,0
video_8573,22
video_85737,3
video_8574,30
video_85751,8
video_85824,9
video_85849,13
video_85850,8
video_85904,22
video_85933,6
video_85987,6
video_86020,7
video_86023,2
video_86034,14
video_86077,24
video_86123,19
video_86151,10
video_86160,25
video_86176,3
video_86254,28
video_86262,28
video_86349,28
video_86386,30
video_8639,4
video_86441,6
video_86478,14
video_86482,28
video_86517,19
video_86552,19
video_866,6
video_86606,28
video_86682,2
video_86712,7
video_86786,19
video_86853,3
video_86865,1
video_86918,32
video_86950,25
video_86973,32
video_86985,6
video_87007,22
video_87046,19
video_87086,29
video_87103,21
video_87113,28
video_87176,31
video_87184,12
video_87277,29
video_87346,19
video_87371,23
video_87391,28
video_87400,1
video_87417,30
video_87431,31
video_87439,22
video_87511,1
video_87573,0
video_87597,28
video_87611,10
video_87614,14
video_87649,30
video_8766,6
video_87667,25
video_87703,0
video_87736,3
video_87780,3
video_87794,22
video_8788,3
video_87908,23
video_87940,12
video_87950,1
video_88016,14
video_8804,2
video_88104,1
video_88136,3
video_88168,30
video_8817,18
video_88176,8
video_88184,29
video_88216,21
video_88224,9
video_88236,8
video_88248,30
video_88391,12
video_88408,3
video_88425,1
video_88455,0
video_88558,30
video_88629,12
video_88674,28
video_88696,18
video_88725,12
video_88727,32
video_88751,14
video_88824,13
video_88831,9
video_88932,28
video_88966,22
video_89029,1
video_89041,6
video_89042,31
video_8907,28
video_89125,23
video_8917,28
video_89186,22
video_89219,31
video_89326,1
video_89345,18
video_89413,28
video_89418,30
video_89441,6
video_89472,3
video_89484,0
video_89516,2
video_89518,6
video_89644,4
video_89664,12
video_89795,28
video_89869,22
video_89885,12
video_89910,3
video_8993,9
video_89941,12
video_89946,3
video_90017,7
video_90020,4
video_9004,22
video_90060,14
video_90072,30
video_90100,0
video_90108,5
video_90176,12
video_90185,1
video_90193,32
video_90245,1
video_90295,2
video_90314,18
video_90343,11
video_90354,21
video_90363,19
video_90389,9
video_90390,12
video_90469,12
video_90499,7
video_90515,4
video_90546,9
video_90606,7
video_9066,8
video_90700,28
video_90716,7
video_90731,21
video_90732,2
video_90750,20
video_90760,4
video_90842,19
video_9089,19
video_90923,0
video_90934,32
video_90950,22
video_91027,10
video_91065,20
video_9112,31
video_91121,30
video_91143,30
video_91167,15
video_91243,1
video_91260,12
video_9146,9
video_91487,0
video_9149,6
video_91493,12
video_91501,12
video_91502,14
video_91525,0
video_91550,0
video_91593,12
video_91598,31
video_91620,29
video_91635,12
video_9164,4
video_91651,30
video_91666,12
video_91679,31
video_91686,6
video_91740,31
video_91813,9
video_91845,1
video_9192,28
video_91925,1
video_91928,8
video_91979,25
video_91982,8
video_92015,29
video_92016,4
video_9204,7
video_92054,10
video_92083,25
video_92084,30
video_92106,6
video_92111,2
video_92138,5
video_92170,28
video_92205,9
video_92218,3
video_9224,29
video_923,1
video_92309,22
video_92323,22
video_92332,12
video_92425,2
video_92445,22
video_92513,20
video_92563,8
video_92564,30
video_92582,6
video_92599,6
video_92761,31
video_92766,24
video_92784,2
video_92815,31
video_92876,7
video_92917,5
video_92954,12
video_93016,1
video_93065,30
video_93106,3
video_93120,20
video_93136,9
video_93148,14
video_93150,9
video_93173,1
video_9324,32
video_93240,3
video_93289,11
video_93336,10
video_93468,29
video_93477,7
video_93479,31
video_93480,28
video_93488,22
video_93516,32
video_93578,0
video_93703,10
video_93729,12
video_93778,13
video_93791,28
video_93841,9
video_93855,0
video_93887,9
video_93928,13
video_93954,6
video_93968,10
video_94012,0
video_94080,8
video_94084,31
video_94086,19
video_94091,21
video_94094,0
video_94130,0
video_94163,1
video_94164,32
video_9420,7
video_94219,30
video_94266,30
video_94270,6
video_943,3
video_94308,3
video_94321,9
video_94379,1
video_9438,3
video_94414,29
video_94440,30
video_94450,10
video_94476,10
video_94489,23
video_94510,5
video_94536,7
video_94564,2
video_9457,1
video_94584,21
video_94593,28
video_94619,10
video_94631,8
video_94680,4
video_94697,23
video_94768,31
video_94772,1
video_94782,28
video_9486,19
video_94864,23
video_94913,21
video_94952,14
video_94973,30
video_95016,29
video_95066,2
video_9507,14
video_95144,7
video_95183,9
video_95207,5
video_95223,12
video_95235,30
video_95247,32
video_95259,9
video_95266,18
video_95292,4
video_95297,9
video_95314,18
video_95316,31
video_9532,0
video_95331,18
video_95373,28
video_95401,1
video_95410,18
video_95417,28
video_9547,0
video_95510,19
video_9562,29
video_95630,29
video_95687,6
video_9573,30
video_95735,1
video_95799,32
video_95806,31
video_95810,22
video_95823,0
video_95832,1
video_95850,31
video_95854,21
video_95871,3
video_95887,23
video_95988,8
video_95994,32
video_96046,21
video_9607,14
video_96121,7
video_96131,9
video_96176,7
video_96194,7
video_96235,25
video_96262,30
video_96264,2
video_96269,28
video_96301,8
video_96304,28
video_96335,4
video_96351,31
video_96352,22
video_96403,30
video_96418,9
video_96432,13
video_96435,15
video_96439,1
video_96470,3
video_965,1
video_96501,30
video_96504,10
video_9651,9
video_96514,7
video_96630,26
video_96631,30
video_96637,9
video_96668,14
video_96673,23
video_96680,18
video_967,7
video_9673,19
video_96757,29
video_96761,31
video_96791,18
video_96896,7
video_97004,31
video_97011,1
video_9702,28
video_97026,12
video_97079,4
video_971,12
video_97107,7
video_97167,23
video_97188,1
video_97212,19
video_9724,22
video_97246,30
video_97249,12
video_97286,7
video_97317,22
video_97319,19
video_97328,22
video_97338,24
video_97404,9
video_97411,28
video_97500,0
video_97508,23
video_97514,32
video_97528,14
video_9755,25
video_97627,21
video_97648,1
video_97664,7
video_97758,11
video_97785,6
video_97787,3
video_97864,30
video_97867,10
video_97890,15
video_97956,10
video_97962,29
video_97989,7
video_97990,1
video_98004,4
video_98006,7
video_98064,29
video_98112,19
video_98115,4
video_98138,4
video_98180,10
video_98189,32
video_98289,0
video_98319,7
video_98372,14
video_98373,31
video_98387,31
video_984,32
video_98406,21
video_98424,32
video_98427,8
video_98461,31
video_98471,31
video_98496,14
video_98502,22
video_98504,30
video_98515,12
video_98556,25
video_98565,7
video_98673,1
video_98693,28
video_98711,1
video_98737,1
video_98752,21
video_98762,7
video_98779,14
video_98798,30
video_98807,1
video_98808,9
video_98826,8
video_98856,29
video_98911,7
video_98921,12
video_98950,0
video_98988,30
video_98990,31
video_99015,23
video_99017,30
video_99044,2
video_99058,28
video_9909,28
video_99121,22
video_99153,7
video_99171,7
video_9918,12
video_99188,22
video_99220,29
video_99228,1
video_99230,1
video_99254,9
video_99305,8
video_99315,12
video_99317,10
video_99328,26
video_99335,12
video_99379,9
video_9941,29
video_99412,1
video_99485,7
video_99503,32
video_99532,4
video_9957,31
video_99570,10
video_99591,2
video_99594,3
video_99595,30
video_99603,30
video_99607,12
video_99619,32
video_99701,23
video_99717,12
video_99789,12
video_99805,9
video_99867,3
video_99870,18
video_99886,22
video_99942,1
video_99953,9
