video_name,predicted_class
video_1000,25
video_100051,19
video_100065,8
video_100078,8
video_100121,23
video_100164,8
video_100187,3
video_100195,22
video_100218,10
video_100219,8
video_100237,1
video_100249,8
video_100288,4
video_100315,29
video_100347,19
video_100445,22
video_100461,7
video_100490,22
video_100530,22
video_100557,22
video_100566,28
video_100581,18
video_100599,22
video_10064,8
video_100656,25
video_100766,18
video_10077,8
video_100827,29
video_100837,19
video_100865,4
video_100879,22
video_100889,28
video_10090,19
video_100934,4
video_101005,29
video_101012,8
video_101046,9
video_101051,29
video_101062,22
video_101174,3
video_101183,9
video_101229,22
video_101240,23
video_10125,8
video_101261,29
video_101298,8
video_101370,29
video_101401,22
video_101481,22
video_101514,12
video_101532,23
video_101559,8
video_101631,8
video_101665,22
video_101697,6
video_101722,29
video_101797,6
video_101814,4
video_101828,22
video_101854,4
video_101907,1
video_101908,3
video_101913,22
video_101922,3
video_101937,3
video_101978,8
video_101988,22
video_102053,1
video_102145,19
video_102185,3
video_10221,4
video_102257,8
video_102285,22
video_102323,29
video_102327,19
video_102333,28
video_102350,22
video_102367,7
video_102379,8
video_102396,3
video_102397,8
video_102471,29
video_102482,8
video_102495,7
video_10257,6
video_102598,22
video_102607,3
video_102636,4
video_102649,3
video_102695,8
video_102703,22
video_102747,19
video_10275,4
video_102769,8
video_102770,3
video_102799,22
video_102811,22
video_102832,4
video_102833,29
video_102871,29
video_102920,8
video_10294,1
video_102950,4
video_102977,3
video_102991,19
video_102996,3
video_103017,17
video_103028,12
video_103043,19
video_103045,6
video_103064,18
video_103120,3
video_103152,29
video_103155,4
video_103189,8
video_103288,3
video_103305,19
video_10331,8
video_103381,22
video_103439,8
video_103447,22
video_103491,19
video_103495,25
video_103511,9
video_103525,23
video_103534,6
video_103593,22
video_103684,22
video_103777,4
video_103789,6
video_10381,29
video_103815,3
video_103896,8
video_103914,19
video_103917,23
video_103923,29
video_103949,3
video_103960,22
video_103999,4
video_104062,14
video_104089,1
video_104098,19
video_104180,22
video_104201,29
video_104205,22
video_104233,1
video_104277,3
video_104331,1
video_104339,22
video_104363,4
video_10438,28
video_104386,4
video_104410,7
video_104414,8
video_104416,14
video_104424,32
video_10448,3
video_104482,1
video_104488,4
video_104516,22
video_104523,22
video_10455,1
video_104560,8
video_104592,22
video_104598,4
video_104602,22
video_104636,8
video_10465,8
video_104660,7
video_104734,2
video_104737,4
video_104755,3
video_104758,3
video_104762,24
video_104876,22
video_104880,22
video_104892,4
video_1049,22
video_104943,8
video_105004,3
video_105058,19
video_105082,22
video_105133,22
video_105141,8
video_105154,3
video_105187,20
video_105204,29
video_105280,3
video_105337,29
video_105364,3
video_105485,19
video_105550,4
video_105554,22
video_105563,9
video_10565,22
video_105653,25
video_105657,3
video_105670,22
video_105674,29
video_105738,22
video_10581,22
video_105855,1
video_105876,4
video_105904,22
video_105907,6
video_105933,4
video_105980,19
video_106008,1
video_10602,3
video_106065,8
video_106066,1
video_106121,29
video_106128,1
video_106153,0
video_106158,1
video_106201,19
video_106205,8
video_106226,8
video_106234,22
video_106299,22
video_106385,22
video_106464,19
video_106569,1
video_106589,22
video_106649,29
video_106690,3
video_106695,22
video_106768,22
video_106793,22
video_106868,1
video_106893,29
video_106897,22
video_106938,19
video_106969,9
video_106981,4
video_106982,29
video_10701,1
video_107027,3
video_107049,29
video_10705,22
video_107055,8
video_107056,4
video_107093,8
video_107124,7
video_107193,29
video_107200,3
video_107210,31
video_107220,29
video_107227,22
video_107241,19
video_107290,8
video_107311,19
video_10737,18
video_107379,6
video_10741,19
video_107428,1
video_107516,1
video_107540,22
video_107541,19
video_107552,19
video_107562,6
video_107653,29
video_107665,8
video_107684,19
video_107734,19
video_107746,4
video_107764,3
video_107807,22
video_107832,19
video_107841,8
video_107842,4
video_107904,22
video_107980,18
video_107991,18
video_107994,22
video_108009,9
video_108043,22
video_108059,8
video_108060,9
video_108078,22
video_108131,19
video_108194,23
video_108207,23
video_108214,8
video_108269,19
video_108298,4
video_108340,19
video_108354,1
video_108356,17
video_108370,28
video_108405,29
video_108428,22
video_10850,29
video_108511,6
video_10852,22
video_108534,24
video_108586,6
video_108594,8
video_1086,19
video_108605,0
video_108634,3
video_108639,6
video_108689,29
video_108692,19
video_10872,31
video_108751,8
video_108775,19
video_10879,1
video_108805,19
video_10886,1
video_108882,22
video_108893,1
video_108990,3
video_109000,1
video_109069,8
video_10910,4
video_109115,22
video_109117,8
video_109182,22
video_109199,7
video_10926,22
video_109275,22
video_109301,19
video_109323,4
video_10933,19
video_109345,29
video_109368,1
video_109372,1
video_109427,0
video_109438,8
video_109473,22
video_109556,3
video_109559,29
video_109585,9
video_109674,14
video_109691,22
video_109749,22
video_109762,23
video_109769,22
video_109779,23
video_109849,7
video_109896,4
video_109942,4
video_109974,22
video_109996,3
video_11,8
video_11000,3
video_110045,22
video_110088,7
video_110097,4
video_11014,22
video_110144,19
video_110227,22
video_110265,3
video_110277,22
video_110306,22
video_11033,22
video_110357,4
video_110415,18
video_110429,1
video_110466,4
video_110538,19
video_11062,3
video_110636,9
video_110644,29
video_11065,7
video_110652,19
video_110729,22
video_110739,6
video_110771,4
video_110787,6
video_110810,6
video_110831,4
video_110834,19
video_110914,22
video_110960,1
video_110981,18
video_110984,3
video_11102,6
video_111051,0
video_111096,22
video_11110,28
video_111126,1
video_111133,19
video_111136,29
video_111139,19
video_111399,29
video_111462,4
video_111481,1
video_111485,8
video_111498,3
video_111571,1
video_111572,22
video_111577,8
video_111611,25
video_111617,3
video_111622,4
video_111669,4
video_111685,0
video_111715,19
video_111734,22
video_111760,22
video_111776,4
video_111779,19
video_111782,22
video_111865,19
video_111916,8
video_111917,9
video_111951,19
video_111956,4
video_111980,6
video_111982,22
video_11202,22
video_112036,0
video_11205,4
video_112062,2
video_11207,8
video_11208,19
video_11211,1
video_112115,8
video_112127,3
video_112138,8
video_112145,22
video_112190,1
video_112203,8
video_112219,19
video_112242,19
video_112249,8
video_112323,31
video_112355,18
video_112359,19
video_112384,19
video_112398,4
video_112439,19
video_112446,20
video_112473,3
video_112520,22
video_112526,3
video_112562,8
video_1126,23
video_112623,29
video_112625,8
video_112634,8
video_112652,1
video_112693,22
video_112700,8
video_112729,22
video_112875,19
video_112887,3
video_112888,19
video_112914,4
video_112950,22
video_112960,4
video_112973,9
video_113032,6
video_113037,22
video_113039,1
video_113118,22
video_113150,4
video_113183,19
video_1132,19
video_113218,4
video_113255,22
video_113256,28
video_113299,4
video_113310,29
video_113400,29
video_113452,8
video_113518,8
video_113546,18
video_113560,1
video_113605,6
video_113665,22
video_113671,22
video_113754,19
video_113819,1
video_113835,23
video_113841,22
video_113891,9
video_113900,29
video_113956,8
video_113967,3
video_113985,8
video_114021,28
video_11403,19
video_114051,3
video_114167,8
video_114189,19
video_114197,0
video_114208,29
video_114223,8
video_114259,29
video_114288,1
video_114292,8
video_114302,19
video_114353,1
video_114369,19
video_114388,19
video_114391,29
video_114395,4
video_114420,22
video_114464,1
video_114483,8
video_114498,8
video_114519,18
video_114531,10
video_114559,23
video_114587,1
video_114598,22
video_114604,6
video_114623,2
video_114643,22
video_114684,22
video_114713,22
video_114801,18
video_114831,9
video_114882,25
video_11489,4
video_114919,8
video_114936,19
video_114952,22
video_114963,3
video_114970,23
video_114984,3
video_115029,22
video_115065,4
video_115077,22
video_115179,4
video_115199,1
video_115298,8
video_115317,8
video_115318,1
video_115328,19
video_11534,8
video_115340,29
video_11535,29
video_115363,19
video_115366,8
video_115388,6
video_115415,4
video_115442,3
video_115466,22
video_11547,19
video_115476,18
video_11549,28
video_115537,8
video_115558,22
video_115598,8
video_115603,19
video_115695,1
video_115696,22
video_115760,6
video_115769,8
video_115785,8
video_115787,8
video_11579,22
video_115798,22
video_115801,22
video_11583,19
video_115838,14
video_115941,25
video_116039,8
video_116089,19
video_116101,3
video_11611,28
video_116187,1
video_116215,8
video_116225,7
video_11630,3
video_116408,3
video_116409,22
video_116426,22
video_11645,19
video_116505,18
video_116542,22
video_116556,8
video_11656,1
video_116577,8
video_116587,19
video_116599,29
video_116628,19
video_116649,29
video_116678,19
video_116703,22
video_116752,29
video_11685,1
video_116890,8
video_1169,7
video_116908,9
video_116937,19
video_116994,3
video_11701,29
video_117122,1
video_117176,18
video_117181,14
video_117259,23
video_117275,29
video_117365,19
video_117405,19
video_11743,29
video_117476,4
video_117496,29
video_117503,29
video_117522,8
video_117529,29
video_117542,8
video_117545,8
video_117580,3
video_117607,19
video_117632,1
video_117657,23
video_11767,0
video_117709,8
video_117737,8
video_117783,19
video_117795,19
video_117812,29
video_117834,18
video_11784,22
video_11803,22
video_118034,25
video_118050,19
video_118060,8
video_118063,1
video_118081,8
video_118098,32
video_118127,19
video_118147,3
video_11815,6
video_118157,22
video_118198,22
video_118200,28
video_118215,1
video_118226,8
video_118249,29
video_118263,22
video_118330,6
video_118334,3
video_118337,8
video_118351,29
video_118390,8
video_118453,19
video_118513,19
video_118519,4
video_118522,22
video_118534,22
video_118548,20
video_118599,29
video_118630,4
video_118659,29
video_118665,22
video_118669,22
video_118683,4
video_118754,29
video_118765,19
video_118823,4
video_11886,4
video_118866,22
video_118883,8
video_118916,22
video_118928,12
video_118951,19
video_118952,1
video_119006,18
video_11901,22
video_119011,22
video_119036,22
video_119093,19
video_11912,19
video_119127,9
video_119150,8
video_11919,8
video_119202,25
video_119221,8
video_119226,4
video_119248,8
video_119290,9
video_119299,7
video_119309,18
video_119315,29
video_119363,4
video_119385,9
video_119389,8
video_119393,8
video_119399,22
video_11941,23
video_119490,3
video_11950,29
video_119574,29
video_119577,1
video_119583,22
video_119586,19
video_119591,23
video_119618,4
video_119665,19
video_11972,1
video_119725,22
video_119738,1
video_119741,29
video_119788,6
video_119804,3
video_119876,29
video_119893,6
video_119967,29
video_11997,9
video_119996,1
video_120039,19
video_120075,22
video_120104,19
video_120118,4
video_120170,19
video_120194,4
video_120234,1
video_120236,4
video_120251,22
video_120257,22
video_120281,4
video_120304,22
video_120325,19
video_120326,19
video_120327,0
video_12036,8
video_120390,29
video_120428,23
video_12044,29
video_120449,1
video_120451,8
video_120513,22
video_120634,3
video_120717,4
video_120732,22
video_120746,19
video_120778,29
video_120792,22
video_120814,6
video_120836,22
video_12091,29
video_120958,22
video_121018,18
video_121019,22
video_121050,1
video_121082,8
video_121102,4
video_121182,22
video_121186,22
video_121207,22
video_121219,18
video_121250,1
video_121275,4
video_121278,8
video_121292,8
video_121296,3
video_121298,23
video_121307,19
video_12131,8
video_121325,0
video_121326,1
video_121380,1
video_12141,29
video_12142,21
video_121493,8
video_121514,7
video_121522,29
video_121532,22
video_121539,8
video_121550,22
video_12157,22
video_121635,22
video_121695,22
video_12170,22
video_121702,19
video_121720,8
video_121758,1
video_121771,4
video_121777,29
video_121788,3
video_121789,8
video_121820,4
video_121900,8
video_121901,22
video_122044,4
video_122080,19
video_122086,1
video_122105,6
video_122168,7
video_12217,8
video_12218,1
video_122204,29
video_122209,20
video_122217,22
video_12234,4
video_12236,8
video_122415,29
video_122422,31
video_122504,22
video_122516,23
video_12256,8
video_122572,8
video_122574,19
video_122599,8
video_12262,2
video_122649,22
video_122651,3
video_122662,18
video_122688,3
video_122710,22
video_122797,22
video_12283,18
video_122845,4
video_122846,23
video_122860,22
video_122917,1
video_123008,22
video_12302,8
video_123077,25
video_12308,19
video_123082,22
video_123090,18
video_123093,24
video_123123,22
video_123128,3
video_123138,25
video_123222,19
video_123223,19
video_123234,22
video_123242,29
video_123244,18
video_123256,3
video_12328,3
video_123313,3
video_123343,28
video_123402,4
video_123408,18
video_123435,7
video_123443,22
video_123483,8
video_123495,22
video_123545,3
video_123561,24
video_123599,1
video_12360,3
video_123643,3
video_123707,8
video_123717,8
video_123726,8
video_123732,3
video_123788,19
video_12381,22
video_123857,3
video_12393,4
video_123963,6
video_123971,3
video_124002,19
video_124018,22
video_124021,8
video_124033,2
video_124034,8
video_124077,1
video_124091,8
video_12411,0
video_124190,22
video_124252,3
video_124281,4
video_124313,4
video_124345,29
video_124366,8
video_124375,28
video_124380,22
video_12446,20
video_124469,22
video_124481,19
video_124482,4
video_124589,8
video_124592,1
video_1246,3
video_124612,8
video_12466,8
video_124723,12
video_124724,18
video_124736,22
video_124751,4
video_124818,3
video_124826,22
video_124923,22
video_124933,14
video_124980,8
video_124999,8
video_125008,19
video_125019,8
video_125028,22
video_125094,8
video_125164,22
video_125179,8
video_125203,31
video_125275,29
video_125362,8
video_125460,4
video_125492,6
video_125504,8
video_125539,22
video_125554,22
video_125561,22
video_125596,9
video_125612,1
video_125613,22
video_125665,3
video_125666,19
video_125759,29
video_125843,8
video_125876,19
video_12590,8
video_125917,4
video_126002,22
video_126005,22
video_126016,22
video_126037,19
video_126088,3
video_126118,0
video_126190,3
video_126192,29
video_126275,24
video_126354,18
video_126366,19
video_126372,23
video_126388,8
video_126391,10
video_12641,3
video_126422,25
video_126493,29
video_126527,29
video_126536,3
video_126544,8
video_126568,29
video_126579,7
video_126636,9
video_12664,8
video_126651,4
video_126714,1
video_126778,6
video_126785,4
video_126802,6
video_12683,0
video_126869,3
video_126888,22
video_126911,8
video_12694,18
video_126969,28
video_126976,8
video_126984,22
video_127095,22
video_12712,9
video_127127,4
video_127130,19
video_127302,3
video_127355,8
video_127445,8
video_127502,22
video_127541,19
video_127547,23
video_127558,19
video_1276,1
video_127614,8
video_127731,8
video_127735,3
video_127745,22
video_127808,19
video_127820,8
video_127845,3
video_127892,22
video_127898,22
video_127922,3
video_12797,22
video_127979,3
video_128000,8
video_128010,8
video_128040,8
video_128111,1
video_128134,4
video_128190,8
video_128195,3
video_128244,19
video_128274,29
video_128329,8
video_128331,22
video_128358,19
video_128366,12
video_128370,22
video_128392,1
video_128409,29
video_128414,7
video_128459,8
video_128484,22
video_128580,3
video_128590,29
video_128605,18
video_128668,8
video_128686,22
video_128689,3
video_128705,28
video_128711,18
video_128716,21
video_128723,29
video_128729,28
video_128730,3
video_128761,3
video_128770,22
video_128799,22
video_128826,22
video_128895,8
video_128901,22
video_128911,29
video_128961,8
video_128964,4
video_128973,19
video_128977,22
video_129001,3
video_12901,8
video_129059,29
video_12908,29
video_12909,7
video_129096,28
video_129128,23
video_129136,29
video_129148,19
video_129171,22
video_12918,22
video_129283,8
video_129297,8
video_1293,19
video_129370,8
video_129377,29
video_12939,3
video_129400,18
video_129401,4
video_12941,4
video_129420,4
video_129423,22
video_129451,28
video_129493,3
video_129513,1
video_129536,22
video_129546,22
video_129553,18
video_12957,3
video_129595,29
video_129597,7
video_129662,7
video_129666,8
video_12970,19
video_129708,22
video_129748,29
video_129750,4
video_129761,7
video_129772,8
video_129810,1
video_12982,29
video_129896,23
video_12991,22
video_129936,8
video_129973,22
video_13,3
video_13002,23
video_130035,29
video_13009,19
video_130148,8
video_130160,29
video_130219,25
video_130253,19
video_130265,8
video_130276,8
video_130280,29
video_130297,8
video_130314,8
video_130324,22
video_13035,19
video_130358,6
video_130360,22
video_130403,8
video_130410,3
video_130415,6
video_130447,3
video_130459,3
video_130489,19
video_13049,9
video_130495,1
video_130513,22
video_13052,8
video_130558,3
video_130565,2
video_130675,19
video_130716,25
video_130723,22
video_130766,4
video_130796,8
video_130806,4
video_130847,1
video_130864,25
video_130894,22
video_130938,6
video_130940,0
video_13104,22
video_131067,3
video_131070,22
video_131191,22
video_131201,8
video_131204,19
video_131238,22
video_131274,22
video_131286,9
video_131323,22
video_131334,22
video_131357,22
video_131364,10
video_131380,19
video_131395,29
video_13146,23
video_131463,1
video_131524,22
video_131560,19
video_131588,18
video_131680,22
video_131698,29
video_131758,29
video_131794,8
video_131814,22
video_131832,29
video_131899,3
video_131906,22
video_13193,4
video_13195,29
video_131971,4
video_132052,4
video_132056,8
video_132090,8
video_132163,8
video_132201,8
video_132228,22
video_132256,9
video_132291,8
video_132295,1
video_132357,3
video_132368,19
video_132386,4
video_132439,22
video_132445,8
video_132446,19
video_132457,19
video_132474,22
video_132537,1
video_132540,1
video_132564,18
video_132576,4
video_132586,22
video_132607,22
video_132639,4
video_132687,3
video_132709,23
video_132775,29
video_132797,8
video_132809,25
video_132831,3
video_132849,22
video_132867,22
video_13295,1
video_132985,23
video_132988,22
video_133012,10
video_133062,19
video_133075,22
video_133086,18
video_133100,3
video_133122,19
video_133128,22
video_133135,4
video_133213,7
video_133221,22
video_133228,18
video_133233,29
video_133237,19
video_133247,31
video_13330,22
video_133309,4
video_133357,18
video_133374,3
video_133379,18
video_133398,4
video_133412,18
video_133446,4
video_133464,22
video_13347,2
video_133584,29
video_133594,8
video_133633,23
video_133645,29
video_133647,31
video_133658,19
video_133685,19
video_1337,8
video_133705,1
video_133786,22
video_133818,4
video_133855,19
video_133889,8
video_13389,8
video_133895,19
video_133896,8
video_133922,22
video_133926,22
video_133956,22
video_133974,22
video_133987,3
video_134103,29
video_134112,8
video_134135,8
video_134160,22
video_134163,10
video_134202,18
video_13422,19
video_134302,8
video_134315,8
video_134327,22
video_134359,22
video_134382,8
video_134384,3
video_134395,24
video_134411,22
video_134412,18
video_134455,22
video_134495,22
video_134502,29
video_134542,19
video_134616,29
video_134619,4
video_134623,1
video_134634,3
video_134636,8
video_134643,4
video_134674,19
video_134693,4
video_134696,6
video_134705,19
video_134725,9
video_134743,0
video_134745,3
video_134771,3
video_134788,4
video_134850,19
video_134857,4
video_134858,22
video_134882,22
video_134902,22
video_134910,4
video_134912,22
video_134923,12
video_134933,3
video_134943,29
video_134965,8
video_134995,3
video_135013,22
video_135018,22
video_135037,4
video_135079,19
video_135110,19
video_135129,20
video_135189,20
video_1352,1
video_135216,19
video_135218,1
video_135220,19
video_135231,22
video_135251,29
video_135345,6
video_135366,4
video_135371,19
video_135378,3
video_135397,22
video_135408,8
video_135471,8
video_135505,1
video_135560,8
video_135576,29
video_135592,3
video_135599,19
video_135640,22
video_135681,1
video_135752,19
video_135793,8
video_135797,23
video_135804,18
video_135834,22
video_135872,6
video_135892,3
video_136013,22
video_136033,8
video_136038,0
video_136075,22
video_136083,6
video_136099,19
video_136105,22
video_13611,25
video_136117,10
video_136119,3
video_136124,4
video_13615,8
video_136203,8
video_136217,3
video_136234,4
video_136299,9
video_136316,22
video_136333,6
video_136373,7
video_136388,24
video_136430,4
video_136450,4
video_136496,19
video_136512,19
video_136525,8
video_136544,3
video_136587,22
video_136588,19
video_136674,29
video_136703,4
video_13673,31
video_136751,22
video_136752,1
video_136754,19
video_136786,4
video_136792,9
video_136796,8
video_136801,9
video_136806,22
video_13682,8
video_136847,23
video_136889,1
video_136912,12
video_136913,4
video_136915,22
video_136956,19
video_136979,23
video_136980,3
video_137036,6
video_137097,19
video_137106,12
video_13713,3
video_137158,8
video_137167,8
video_137196,4
video_137226,3
video_137289,19
video_137300,3
video_137332,8
video_137355,19
video_137366,1
video_13737,23
video_137419,19
video_137420,22
video_137463,0
video_137466,29
video_137485,8
video_137493,19
video_137524,29
video_137532,14
video_137566,4
video_137605,29
video_137615,22
video_137628,29
video_137691,4
video_137694,4
video_137738,3
video_137774,22
video_137903,19
video_137975,8
video_138039,8
video_138040,29
video_138111,0
video_138172,22
video_138234,7
video_138328,6
video_138334,22
video_138349,6
video_138401,7
video_138402,22
video_13846,22
video_138503,12
video_138511,19
video_138556,3
video_138632,18
video_138635,3
video_138641,29
video_13865,3
video_13866,8
video_138708,28
video_138776,6
video_138779,19
video_138812,19
video_138846,18
video_138851,22
video_138898,29
video_138900,19
video_138930,22
video_138940,29
video_138943,29
video_139022,29
video_139071,25
video_139078,29
video_139234,9
video_139347,8
video_139399,7
video_139403,1
video_139418,19
video_139469,22
video_139526,7
video_13957,22
video_1396,8
video_139616,22
video_139667,19
video_139668,19
video_139792,5
video_139809,4
video_139839,4
video_13987,22
video_139894,22
video_139973,29
video_139982,9
video_14000,2
video_140010,3
video_140029,8
video_140090,12
video_140107,22
video_140126,23
video_140127,9
video_140149,22
video_14015,7
video_140160,18
video_140168,29
video_140176,22
video_140182,3
video_140188,3
video_140195,19
video_140226,22
video_140251,8
video_140257,22
video_140277,4
video_140382,7
video_140457,4
video_140475,18
video_140519,29
video_140551,22
video_14058,25
video_140595,10
video_140601,8
video_140624,18
video_140676,4
video_140693,24
video_140708,21
video_140714,6
video_140764,18
video_140839,19
video_140852,20
video_140855,8
video_140869,18
video_140873,7
video_140960,0
video_14099,22
video_141000,22
video_141011,0
video_141014,4
video_141020,1
video_141033,19
video_141034,8
video_14104,29
video_141053,29
video_141079,29
video_14109,31
video_141157,3
video_141183,19
video_141258,4
video_141265,19
video_141339,22
video_141359,1
video_141393,19
video_141430,22
video_141490,22
video_141491,3
video_141518,4
video_141571,22
video_141639,29
video_14165,8
video_141654,22
video_14168,3
video_141681,19
video_141694,19
video_14174,19
video_141760,8
video_141877,18
video_141914,22
video_141931,3
video_141942,19
video_141946,1
video_141949,29
video_141985,3
video_1420,29
video_142031,18
video_142036,8
video_142057,22
video_142067,29
video_142080,6
video_142081,7
video_1421,29
video_142119,6
video_142243,4
video_142275,9
video_142311,28
video_142313,0
video_142328,8
video_142334,8
video_14237,7
video_142445,8
video_142453,8
video_142458,14
video_14246,4
video_142467,4
video_14259,20
video_142671,9
video_142756,19
video_142759,22
video_142809,1
video_142812,19
video_14284,8
video_142865,18
video_142867,7
video_142896,29
video_142899,3
video_142910,22
video_142956,29
video_14296,25
video_142988,3
video_143003,3
video_143057,29
video_143064,19
video_143068,22
video_143070,19
video_143127,23
video_143171,3
video_143172,29
video_143190,8
video_143213,8
video_143256,4
video_143347,29
video_143441,8
video_143461,29
video_143526,29
video_143547,19
video_143647,4
video_1437,7
video_143726,8
video_143735,29
video_143750,22
video_143789,22
video_143794,1
video_143798,3
video_143852,29
video_143876,3
video_143914,23
video_14392,4
video_143933,3
video_143945,18
video_143956,19
video_143965,25
video_143992,29
video_144005,29
video_144029,8
video_144048,19
video_144053,4
video_144069,6
video_144083,19
video_14414,4
video_144149,19
video_144170,22
video_144179,10
video_144184,22
video_144237,22
video_144286,23
video_144301,22
video_144333,8
video_144340,0
video_144370,7
video_144376,25
video_144394,29
video_144413,1
video_144438,1
video_144483,1
video_144491,29
video_144561,29
video_144569,19
video_14459,19
video_144632,4
video_144704,23
video_144741,22
video_144751,3
video_144777,22
video_144806,2
video_144847,22
video_14494,7
video_14495,29
video_144972,8
video_144983,1
video_145034,4
video_145077,29
video_145079,22
video_145135,22
video_145244,4
video_145248,29
video_145251,29
video_145291,22
video_1453,20
video_145356,22
video_145404,22
video_145405,19
video_145422,6
video_145477,6
video_145483,22
video_145495,3
video_1455,1
video_145539,32
video_145585,8
video_145603,29
video_145604,4
video_145650,0
video_145676,22
video_145693,18
video_145702,3
video_145800,9
video_145804,9
video_145871,19
video_145927,1
video_145997,3
video_146068,19
video_14608,1
video_146085,8
video_146166,18
video_146186,8
video_146200,24
video_14621,3
video_146233,19
video_146237,8
video_146267,22
video_14627,19
video_146293,22
video_146313,3
video_146323,1
video_146327,19
video_146372,29
video_146377,8
video_146382,1
video_146413,8
video_14642,9
video_146424,29
video_146425,4
video_146553,1
video_146555,8
video_146573,8
video_146592,9
video_146630,19
video_146634,8
video_1467,22
video_146733,18
video_146765,8
video_146778,1
video_14678,4
video_146788,8
video_146803,4
video_146862,9
video_146882,29
video_146924,0
video_146950,14
video_147005,19
video_147017,19
video_147026,23
video_1471,1
video_147174,8
video_147187,22
video_147194,22
video_147200,22
video_147290,9
video_147305,22
video_147327,3
video_147414,19
video_147423,19
video_147521,1
video_147610,29
video_147644,1
video_147663,23
video_147693,22
video_147704,8
video_147764,7
video_147911,8
video_147948,19
video_147951,18
video_147972,1
video_147996,22
video_148054,22
video_148065,8
video_148068,8
video_148202,19
video_148242,3
video_148245,0
video_148251,29
video_148252,22
video_148271,29
video_148305,19
video_148399,8
video_148465,29
video_148478,8
video_148527,3
video_148633,20
video_14864,29
video_148663,29
video_148674,3
video_148676,18
video_148759,3
video_148824,8
video_148825,12
video_148846,24
video_148857,8
video_148877,4
video_148922,18
video_148929,6
video_148934,22
video_148956,19
video_148959,29
video_149053,22
video_14907,22
video_149091,8
video_149093,8
video_149106,22
video_149125,29
video_149146,9
video_14921,29
video_149215,1
video_149226,29
video_149251,20
video_149253,22
video_149326,4
video_149340,8
video_149342,9
video_149375,8
video_149407,29
video_14943,23
video_149433,29
video_14945,22
video_149539,6
video_149602,8
video_149609,0
video_149620,1
video_149686,22
video_149690,29
video_149691,9
video_149727,6
video_149730,4
video_149746,3
video_149776,8
video_149794,22
video_149815,22
video_149850,23
video_149867,3
video_149885,19
video_149889,29
video_149933,6
video_149955,18
video_149957,0
video_149962,4
video_149982,4
video_15001,1
video_150049,22
video_150053,3
video_150114,14
video_150115,22
video_15013,29
video_150142,3
video_150152,12
video_150196,4
video_150210,24
video_150219,6
video_150231,1
video_150276,29
video_150322,19
video_150361,19
video_150372,3
video_150385,4
video_150425,1
video_150432,8
video_150446,8
video_150454,3
video_150478,0
video_150488,23
video_150546,19
video_150578,29
video_150619,4
video_150675,22
video_150679,19
video_150696,22
video_150718,8
video_150725,22
video_150727,3
video_150746,18
video_150865,4
video_150897,29
video_150908,7
video_150954,22
video_151075,0
video_151076,8
video_15109,4
video_151113,1
video_151163,3
video_151191,20
video_151209,18
video_151245,8
video_151251,4
video_151315,19
video_151325,18
video_151347,3
video_151410,4
video_151440,19
video_151470,8
video_151494,8
video_151502,3
video_151525,28
video_151557,0
video_151621,0
video_15167,29
video_151703,1
video_15171,23
video_151713,4
video_151748,22
video_151794,28
video_151817,0
video_151826,22
video_151840,23
video_151850,22
video_151890,8
video_151898,1
video_151918,1
video_151920,31
video_151966,22
video_151969,19
video_151971,22
video_151988,22
video_152014,29
video_152067,29
video_152082,18
video_152126,22
video_15214,28
video_152191,3
video_152311,22
video_152330,22
video_152332,29
video_152347,22
video_152388,19
video_152411,9
video_152433,4
video_152435,19
video_152498,22
video_152521,6
video_152568,19
video_152590,18
video_15260,22
video_152661,8
video_152764,22
video_152765,29
video_152848,8
video_152897,19
video_152901,19
video_152913,18
video_152930,8
video_15295,8
video_152962,1
video_153002,29
video_153016,0
video_153050,8
video_153093,9
video_153150,29
video_153156,8
video_153176,22
video_153206,3
video_153318,22
video_153334,22
video_153403,8
video_153406,7
video_153408,19
video_153436,1
video_153456,25
video_153472,8
video_153475,19
video_153488,4
video_15353,1
video_153616,28
video_15362,1
video_153674,1
video_153681,4
video_153737,19
video_153808,1
video_153833,22
video_153857,8
video_153933,24
video_153956,1
video_153987,1
video_153993,19
video_154021,22
video_15405,19
video_154075,22
video_154086,6
video_154102,22
video_154125,8
video_154134,1
video_154184,29
video_154235,6
video_154248,8
video_154284,3
video_15433,19
video_154408,29
video_154466,19
video_154495,4
video_154522,3
video_154538,23
video_154659,19
video_15471,8
video_154719,0
video_154725,29
video_154853,4
video_154878,22
video_154893,19
video_154901,7
video_155,3
video_15501,1
video_15502,8
video_155035,19
video_155036,18
video_155047,8
video_155074,19
video_155107,3
video_155115,22
video_155122,29
video_155219,22
video_155253,1
video_155263,19
video_155281,29
video_155318,8
video_155320,22
video_155349,4
video_15536,22
video_155393,22
video_155428,1
video_15548,8
video_155484,17
video_155507,29
video_155630,18
video_155662,22
video_155667,18
video_155698,22
video_155799,2
video_155800,8
video_155865,22
video_155867,19
video_155871,24
video_155888,19
video_155912,19
video_155944,22
video_156014,29
video_156049,24
video_156081,0
video_156111,22
video_156128,19
video_156143,22
video_156179,29
video_156215,8
video_156237,18
video_156263,22
video_156277,1
video_156314,19
video_156328,22
video_15638,29
video_156388,4
video_156389,22
video_156399,19
video_156416,22
video_156442,4
video_156448,22
video_156452,19
video_156467,19
video_156510,22
video_156513,18
video_156551,29
video_156667,3
video_156700,29
video_15671,8
video_156787,19
video_156811,19
video_156848,29
video_156861,1
video_156878,19
video_156932,23
video_156961,22
video_157007,18
video_157079,4
video_157103,1
video_157135,6
video_157153,2
video_157163,8
video_157189,4
video_157194,8
video_157295,0
video_157383,22
video_15740,8
video_157485,4
video_157558,23
video_15756,8
video_157612,8
video_157624,19
video_157677,4
video_157688,4
video_157727,6
video_157776,22
video_157791,19
video_157833,8
video_15789,22
video_158047,4
video_158139,9
video_158154,19
video_158184,1
video_158191,29
video_158202,8
video_158212,29
video_158215,1
video_158263,20
video_158302,23
video_158326,22
video_158328,22
video_158348,22
video_158350,29
video_158377,4
video_158385,22
video_158387,9
video_158424,4
video_158440,23
video_158497,3
video_158505,3
video_158566,6
video_158607,3
video_158637,6
video_158649,22
video_158657,1
video_158666,3
video_158676,28
video_158678,19
video_158712,8
video_158718,22
video_158743,7
video_158766,23
video_158780,6
video_15880,19
video_158819,9
video_158826,18
video_158836,7
video_158859,22
video_158866,19
video_15891,22
video_158998,9
video_159009,8
video_159087,8
video_159092,8
video_159139,6
video_159150,8
video_159156,8
video_159171,19
video_159173,22
video_159178,3
video_159186,8
video_159199,4
video_159218,19
video_159227,3
video_159261,7
video_159274,9
video_159292,29
video_159323,22
video_159388,22
video_159522,19
video_159545,3
video_159550,22
video_159561,29
video_159616,19
video_159633,8
video_15964,29
video_159839,8
video_159853,29
video_159861,22
video_159887,3
video_159940,9
video_159944,4
video_159955,1
video_159974,8
video_159978,19
video_159984,29
video_159985,19
video_15999,19
video_160064,3
video_16010,19
video_160118,29
video_16012,3
video_160123,22
video_160177,22
video_16018,29
video_160188,22
video_160242,6
video_160244,22
video_160248,0
video_160340,3
video_16036,22
video_160395,22
video_160516,8
video_160527,18
video_160579,29
video_160609,3
video_16061,29
video_160614,22
video_16063,1
video_160642,22
video_160654,20
video_160670,22
video_160722,3
video_160733,19
video_160740,1
video_160829,22
video_160847,4
video_160854,22
video_16086,3
video_160861,8
video_160869,1
video_160882,3
video_160889,3
video_160903,8
video_160960,29
video_16097,8
video_161019,1
video_16106,3
video_161080,0
video_161118,22
video_161122,3
video_161135,4
video_161136,3
video_161153,4
video_161198,19
video_1612,4
video_161226,18
video_161230,25
video_161261,19
video_161262,22
video_161272,31
video_161348,8
video_161391,29
video_161402,0
video_161413,19
video_161425,22
video_161445,8
video_161478,4
video_16151,14
video_161545,3
video_161565,18
video_161570,29
video_161590,8
video_161606,1
video_161612,1
video_161629,19
video_161707,3
video_161726,29
video_16177,29
video_161789,18
video_161803,3
video_161804,4
video_161827,19
video_161966,22
video_161994,3
video_162,3
video_162006,3
video_162060,22
video_162110,29
video_162157,7
video_162170,8
video_162195,22
video_162210,3
video_162216,23
video_16222,23
video_162230,22
video_162260,3
video_162279,22
video_162286,1
video_16229,22
video_162342,24
video_162355,2
video_162365,9
video_162389,1
video_162423,9
video_162434,1
video_16247,8
video_162567,19
video_162568,4
video_162577,3
video_162612,22
video_162660,9
video_162708,6
video_162725,19
video_162733,22
video_162741,1
video_162778,22
video_162815,19
video_162816,22
video_162837,29
video_162840,3
video_162847,7
video_162886,7
video_162919,25
video_162930,29
video_162935,8
video_162950,23
video_16297,8
video_163045,8
video_163102,23
video_16316,12
video_163178,6
video_163184,19
video_163209,22
video_163211,19
video_16322,22
video_163239,18
video_163274,4
video_163276,8
video_163287,29
video_163325,12
video_163356,8
video_163367,29
video_163415,4
video_163437,4
video_163451,22
video_163452,22
video_163455,22
video_163464,18
video_16347,19
video_1635,22
video_16356,10
video_163582,19
video_16360,22
video_163640,19
video_163722,22
video_163744,19
video_163812,10
video_163818,4
video_163866,8
video_163873,8
video_163882,4
video_163924,0
video_164015,22
video_164020,3
video_164033,18
video_164035,8
video_164052,8
video_164075,22
video_164091,29
video_164120,28
video_164136,8
video_16415,22
video_164268,9
video_164311,22
video_164312,0
video_164316,9
video_164333,22
video_164341,1
video_164345,22
video_164350,19
video_164409,22
video_164434,22
video_164477,8
video_164489,22
video_164506,4
video_164526,1
video_164575,1
video_164580,29
video_164591,3
video_16461,3
video_16462,8
video_16464,8
video_164689,6
video_164702,22
video_164704,22
video_16472,8
video_164738,8
video_164752,22
video_164782,19
video_164789,22
video_164822,1
video_164833,8
video_164879,4
video_164888,6
video_164899,31
video_16491,3
video_164922,28
video_164944,4
video_164949,19
video_164958,23
video_164962,8
video_164988,18
video_164992,3
video_165020,6
video_165063,3
video_165084,8
video_165089,4
video_165111,0
video_165247,8
video_16530,18
video_165314,3
video_165321,0
video_165392,6
video_165394,18
video_165439,3
video_165456,4
video_16546,8
video_165472,29
video_165473,22
video_165493,20
video_165563,8
video_165602,6
video_165633,8
video_16564,4
video_165654,22
video_165661,23
video_165721,22
video_165722,4
video_165758,22
video_165773,19
video_165777,4
video_165783,18
video_165839,22
video_165864,29
video_16590,29
video_165904,9
video_16592,23
video_165926,12
video_16594,24
video_165944,8
video_165958,4
video_16598,22
video_166051,0
video_166066,3
video_166117,4
video_166146,4
video_166155,12
video_166167,22
video_166189,7
video_166268,18
video_166279,29
video_166284,7
video_166310,1
video_166313,29
video_166391,22
video_166429,28
video_166473,6
video_166510,8
video_166516,19
video_166528,19
video_166533,4
video_166545,19
video_166594,22
video_166623,8
video_166679,22
video_166740,22
video_166747,25
video_166822,19
video_166918,22
video_16692,4
video_166928,22
video_166930,29
video_166998,0
video_167016,3
video_167087,19
video_167125,6
video_167217,23
video_167234,3
video_1673,8
video_167305,8
video_16731,1
video_167368,4
video_167375,4
video_167402,1
video_167429,19
video_167454,18
video_167467,22
video_167481,4
video_167600,23
video_167619,7
video_167673,7
video_167692,23
video_167696,22
video_167712,1
video_167724,8
video_167742,6
video_167752,19
video_167755,29
video_167757,1
video_167774,8
video_167817,4
video_167824,8
video_167902,19
video_167955,4
video_167978,6
video_168012,1
video_168026,8
video_168064,9
video_168095,22
video_1681,3
video_168139,19
video_168158,22
video_168302,22
video_168328,3
video_168399,19
video_168422,6
video_168472,22
video_168490,8
video_168665,1
video_168686,6
video_168695,8
video_168739,4
video_168759,3
video_168767,29
video_16877,8
video_168817,29
video_168830,29
video_16885,7
video_168869,8
video_168886,8
video_168895,0
video_168901,22
video_168909,22
video_168920,8
video_168925,0
video_168955,12
video_168979,10
video_16898,0
video_169008,28
video_169077,22
video_169109,29
video_169140,19
video_16915,3
video_169182,4
video_169243,19
video_169252,22
video_169282,3
video_169290,22
video_169304,8
video_169320,18
video_169340,29
video_169341,29
video_169345,22
video_169366,9
video_169407,29
video_16941,29
video_169427,22
video_169455,29
video_169486,19
video_169557,29
video_169596,7
video_16964,4
video_169680,22
video_169722,29
video_169741,25
video_169744,22
video_169752,22
video_16976,29
video_169762,18
video_169798,29
video_169823,29
video_169869,23
video_169902,3
video_169979,19
video_169988,22
video_170048,3
video_170059,6
video_170060,8
video_170072,19
video_170102,3
video_170117,14
video_170133,22
video_170201,8
video_17022,9
video_17025,19
video_170311,19
video_170348,19
video_170370,8
video_17041,8
video_170448,22
video_170473,8
video_170477,8
video_170545,6
video_170582,4
video_170589,28
video_170620,4
video_170669,3
video_170695,25
video_170697,22
video_170745,22
video_170755,3
video_17078,22
video_170825,8
video_170978,21
video_171009,20
video_171090,0
video_171120,19
video_171143,22
video_171171,22
video_171176,3
video_171197,29
video_171247,22
video_171265,7
video_171266,8
video_171314,22
video_171385,19
video_171425,21
video_171530,4
video_171532,3
video_171561,9
video_17165,19
video_171654,19
video_1717,8
video_171700,19
video_171714,4
video_171727,8
video_171735,29
video_17175,29
video_171773,29
video_171799,29
video_171840,0
video_171857,22
video_171858,19
video_171860,18
video_171902,1
video_171916,20
video_171928,5
video_171930,22
video_171943,22
video_171978,29
video_171990,6
video_172005,22
video_172016,6
video_172035,19
video_172048,22
video_172053,29
video_172065,29
video_172071,22
video_172085,7
video_172126,9
video_172137,19
video_172148,22
video_172153,29
video_172178,8
video_172210,29
video_17222,14
video_172278,22
video_172298,22
video_172311,4
video_172324,4
video_172376,6
video_172396,8
video_172441,19
video_172484,10
video_172534,8
video_172562,18
video_172593,1
video_17260,7
video_172615,8
video_17263,25
video_172659,3
video_172668,0
video_172691,29
video_172723,2
video_172806,23
video_172825,8
video_172850,8
video_172862,22
video_172875,8
video_172894,4
video_172950,9
video_172996,29
video_173004,29
video_173032,18
video_173054,19
video_17313,1
video_173138,18
video_173141,19
video_173165,22
video_17318,3
video_173213,22
video_173217,4
video_173223,19
video_173236,25
video_173271,29
video_173332,8
video_173334,3
video_173356,4
video_173381,8
video_173445,3
video_173473,22
video_173482,22
video_173493,29
video_173517,4
video_173518,8
video_17352,19
video_173543,22
video_17355,29
video_173560,7
video_17357,19
video_173583,29
video_173589,1
video_17359,19
video_173608,9
video_173636,29
video_173672,1
video_173822,29
video_173826,19
video_173830,19
video_173868,8
video_173891,28
video_173899,1
video_173935,9
video_173958,19
video_173961,22
video_173973,22
video_173976,22
video_174018,29
video_17402,7
video_174029,22
video_17403,29
video_174059,19
video_174107,8
video_17412,3
video_174161,29
video_174177,18
video_174201,3
video_174266,3
video_174278,22
video_174321,19
video_174357,29
video_174359,6
video_174368,10
video_174383,2
video_174391,9
video_174403,29
video_174408,6
video_174413,18
video_1745,22
video_174528,29
video_174601,19
video_174602,18
video_174661,19
video_174697,1
video_174701,22
video_174727,22
video_17477,22
video_174833,4
video_174848,7
video_174849,22
video_174883,22
video_174888,22
video_174910,1
video_174916,4
video_174937,29
video_174944,22
video_174968,4
video_17499,21
video_174998,8
video_175001,8
video_175042,6
video_175047,1
video_175102,28
video_175106,8
video_175134,6
video_175226,19
video_175241,4
video_175249,7
video_175262,4
video_175310,8
video_175316,1
video_175333,4
video_175351,29
video_175368,1
video_175411,22
video_175424,22
video_175433,29
video_175485,29
video_175504,22
video_175514,4
video_175523,19
video_175530,2
video_175611,22
video_175651,22
video_175773,19
video_175784,1
video_175787,18
video_175820,29
video_175893,3
video_175898,7
video_175906,3
video_175928,4
video_175943,9
video_175950,19
video_17596,17
video_176002,29
video_176044,22
video_176084,9
video_176100,22
video_17613,22
video_176138,18
video_176184,29
video_176210,7
video_176260,29
video_176279,22
video_176376,25
video_176380,18
video_176387,19
video_176394,25
video_176427,22
video_176430,18
video_176490,1
video_176526,19
video_176536,2
video_176575,9
video_176636,3
video_176646,19
video_176658,19
video_176693,22
video_17671,8
video_176751,19
video_176752,23
video_176783,8
video_176796,1
video_176812,3
video_17687,6
video_176886,8
video_176900,22
video_176985,25
video_177022,19
video_17706,8
video_177062,22
video_177121,3
video_17718,3
video_177208,22
video_177210,3
video_177232,8
video_177391,6
video_177458,8
video_177477,29
video_177504,22
video_177511,3
video_177520,8
video_177529,22
video_17755,22
video_17756,22
video_177566,23
video_177588,22
video_177605,28
video_177613,14
video_177670,4
video_177681,9
video_177692,8
video_177706,6
video_177732,22
video_177781,22
video_177792,22
video_177828,29
video_177856,22
video_177892,4
video_177914,1
video_177942,29
video_177983,19
video_178016,1
video_178030,19
video_178031,19
video_178040,22
video_178078,4
video_178092,4
video_178096,3
video_178140,8
video_178175,19
video_178180,19
video_178184,8
video_178196,29
video_178286,1
video_178303,22
video_178328,3
video_178365,22
video_178394,22
video_178412,8
video_178414,8
video_178460,7
video_178469,1
video_178498,29
video_178504,1
video_178505,8
video_178524,1
video_178532,22
video_178537,19
video_178553,22
video_178607,8
video_178614,29
video_178619,7
video_17862,19
video_178707,22
video_17871,22
video_178766,22
video_178811,29
video_178826,22
video_178881,22
video_178898,29
video_178930,3
video_178981,22
video_178997,4
video_179008,4
video_179020,22
video_179036,8
video_179052,8
video_179056,29
video_179109,19
video_179146,1
video_179236,7
video_179241,22
video_179242,22
video_179250,0
video_179258,18
video_179275,18
video_179287,29
video_179290,8
video_179291,8
video_179333,18
video_179348,4
video_179372,22
video_179374,29
video_179417,1
video_179486,18
video_179587,1
video_179591,19
video_179632,22
video_179658,22
video_179707,18
video_17975,1
video_179752,25
video_179760,1
video_179784,20
video_179826,22
video_179878,8
video_17988,28
video_179911,22
video_179919,1
video_179955,22
video_179966,12
video_179980,6
video_179984,6
video_180003,18
video_180014,22
video_180060,22
video_180064,8
video_180107,22
video_180150,9
video_180157,19
video_180181,29
video_180184,8
video_180202,29
video_180232,29
video_180282,19
video_1803,3
video_180314,25
video_180335,22
video_180415,3
video_180427,8
video_180433,22
video_180437,9
video_180441,22
video_18045,22
video_180469,22
video_180477,8
video_180506,8
video_180539,4
video_180546,2
video_180579,3
video_180748,12
video_180762,18
video_180800,8
video_180808,1
video_180813,22
video_180821,28
video_18085,29
video_180875,8
video_180926,18
video_180943,29
video_180961,22
video_180994,4
video_181005,9
video_181047,22
video_181113,6
video_181176,6
video_181201,19
video_181218,4
video_181221,19
video_18128,4
video_181308,22
video_181333,19
video_181355,3
video_181361,22
video_181395,29
video_181453,8
video_181469,22
video_181472,22
video_18149,18
video_181525,8
video_181562,18
video_181675,3
video_181700,4
video_181723,22
video_181743,1
video_181771,8
video_181780,8
video_181843,3
video_181855,8
video_181884,22
video_182010,22
video_18211,29
video_182116,0
video_182145,22
video_182213,22
video_182234,22
video_182289,8
video_18229,9
video_182308,4
video_182310,6
video_182334,22
video_182356,29
video_182409,22
video_182412,14
video_182449,19
video_182469,19
video_182499,29
video_182500,22
video_182541,22
video_182612,4
video_182624,29
video_182746,19
video_182765,1
video_182822,22
video_182872,8
video_182883,8
video_182901,8
video_182927,1
video_182931,22
video_182956,9
video_182984,22
video_182992,4
video_18304,19
video_183071,8
video_183084,22
video_183088,3
video_183127,1
video_183161,4
video_18317,23
video_18319,18
video_183213,8
video_183220,8
video_18326,29
video_183325,14
video_183360,8
video_183369,19
video_183383,22
video_183395,3
video_183419,19
video_183441,29
video_183445,8
video_183446,29
video_183476,4
video_183481,19
video_183509,22
video_183561,22
video_183562,22
video_183587,8
video_183617,22
video_183634,9
video_183647,19
video_183665,29
video_183704,25
video_183780,19
video_183785,3
video_183819,29
video_183822,19
video_183842,22
video_183857,22
video_183871,22
video_183886,22
video_183895,8
video_183896,3
video_183903,6
video_183907,4
video_183910,3
video_183918,6
video_183994,8
video_184055,8
video_184071,19
video_184076,4
video_184105,29
video_184151,22
video_184156,31
video_184217,3
video_184250,8
video_184259,22
video_184260,22
video_184299,12
video_184352,29
video_184363,8
video_184367,8
video_184542,3
video_184576,8
video_184586,29
video_184594,22
video_18464,18
video_184664,14
video_184729,8
video_184738,3
video_18474,8
video_184752,1
video_184777,19
video_184787,29
video_184839,3
video_184885,22
video_184912,8
video_184915,29
video_185172,0
video_185179,22
video_185222,7
video_185238,22
video_185254,3
video_185273,3
video_185347,22
video_185412,29
video_185433,28
video_185450,14
video_185452,8
video_18546,1
video_18549,31
video_185505,8
video_185524,22
video_185564,1
video_185623,3
video_185678,19
video_185694,8
video_185744,19
video_185750,25
video_185783,8
video_185812,3
video_185850,22
video_185859,8
video_185869,1
video_185874,28
video_185898,0
video_185911,8
video_185971,29
video_186010,8
video_186028,22
video_186047,19
video_186051,23
video_186134,3
video_186147,22
video_186174,6
video_186178,0
video_186199,6
video_186257,3
video_186306,22
video_186308,1
video_186359,19
video_186363,1
video_186377,6
video_186420,18
video_186429,22
video_18644,19
video_186486,29
video_186490,22
video_186497,8
video_186561,22
video_186581,22
video_186611,9
video_186637,29
video_186657,19
video_186812,19
video_186832,19
video_186840,29
video_186869,8
video_186981,19
video_186983,8
video_186997,4
video_187008,1
video_187019,8
video_18703,19
video_187092,22
video_187119,22
video_187123,29
video_187154,3
video_187205,8
video_187208,18
video_187259,4
video_187266,4
video_187267,3
video_187313,1
video_187333,3
video_187339,22
video_187348,1
video_187364,8
video_187367,22
video_187436,19
video_187461,25
video_187538,18
video_187545,6
video_187548,22
video_187570,29
video_18758,29
video_18762,23
video_18765,8
video_187650,22
video_187652,6
video_187725,31
video_187736,8
video_187763,19
video_187811,8
video_187826,22
video_187837,1
video_187865,32
video_187929,8
video_187945,7
video_187972,22
video_188023,3
video_188045,22
video_188098,21
video_188128,8
video_188135,8
video_188205,4
video_188210,3
video_18835,6
video_188354,8
video_188370,22
video_188380,22
video_188389,19
video_188414,19
video_188448,22
video_188456,22
video_188520,18
video_188545,22
video_188554,22
video_188565,9
video_18858,29
video_188645,22
video_188690,0
video_188736,23
video_188738,29
video_188750,3
video_188753,6
video_188807,6
video_188812,18
video_188822,1
video_18892,29
video_189004,1
video_189163,19
video_189179,19
video_189181,22
video_189253,19
video_189263,28
video_189288,8
video_189293,8
video_189299,22
video_189339,22
video_189378,4
video_189384,3
video_189415,22
video_189431,22
video_189549,6
video_189573,8
video_189612,19
video_189637,8
video_189648,22
video_189709,22
video_189724,18
video_189754,3
video_18978,8
video_18982,19
video_189826,29
video_18987,28
video_1899,1
video_189912,3
video_189922,8
video_189958,7
video_19002,22
video_190047,29
video_19008,19
video_1901,19
video_190116,19
video_190150,22
video_190160,8
video_190206,19
video_190216,22
video_190231,1
video_190240,22
video_190277,22
video_19028,8
video_190291,29
video_190308,3
video_190315,29
video_190328,23
video_190355,4
video_19037,4
video_190390,19
video_1904,2
video_190402,8
video_190418,8
video_190433,29
video_190526,19
video_190548,3
video_190550,7
video_190588,4
video_190618,4
video_190633,3
video_190635,8
video_190637,6
video_190653,18
video_190656,29
video_190736,3
video_190772,4
video_190798,18
video_190802,8
video_190813,18
video_190843,3
video_190867,4
video_190929,22
video_190979,22
video_19103,4
video_191051,8
video_191094,1
video_191103,8
video_191116,8
video_191126,22
video_191216,8
video_191252,22
video_191274,18
video_19128,6
video_191317,4
video_191372,8
video_191374,19
video_191387,25
video_1914,19
video_191478,19
video_191554,4
video_191617,28
video_191633,19
video_191655,22
video_191672,28
video_191679,19
video_191755,22
video_191794,12
video_191823,0
video_191830,31
video_19188,29
video_191886,8
video_191943,30
video_191994,29
video_192031,29
video_192042,7
video_192080,8
video_192139,29
video_192163,0
video_192176,19
video_19218,22
video_192221,4
video_192227,22
video_19224,8
video_192246,22
video_192284,1
video_192295,8
video_192340,29
video_192402,22
video_192404,22
video_192429,19
video_192444,3
video_192448,22
video_192464,1
video_192479,29
video_192497,9
video_192502,19
video_192590,4
video_192620,22
video_192646,22
video_192656,19
video_192681,29
video_192713,19
video_192742,31
video_192804,29
video_192890,22
video_192891,22
video_192911,29
video_19297,1
video_193022,7
video_193027,9
video_193039,8
video_193044,20
video_193058,8
video_193081,19
video_193094,28
video_193118,3
video_193126,1
video_19315,4
video_193158,29
video_193227,4
video_193245,0
video_193330,2
video_193339,28
video_193346,1
video_193393,22
video_193395,23
video_193427,3
video_193446,22
video_193467,1
video_193481,6
video_193539,6
video_193561,6
video_193631,8
video_19366,8
video_193665,6
video_193812,29
video_193823,3
video_193836,8
video_193881,22
video_193893,22
video_193915,18
video_193982,19
video_193990,19
video_193995,8
video_193999,22
video_194146,18
video_194177,32
video_194193,22
video_19422,18
video_19423,19
video_194259,22
video_194261,3
video_194302,18
video_194305,20
video_194362,22
video_194365,8
video_194510,7
video_194515,8
video_194572,8
video_194626,3
video_194636,2
video_194661,4
video_194665,22
video_194690,22
video_194694,3
video_1947,19
video_19470,29
video_194701,29
video_194707,8
video_194738,19
video_194752,3
video_194770,19
video_194813,0
video_194871,8
video_194910,3
video_194968,20
video_195030,32
video_195054,8
video_195069,31
video_195070,29
video_195079,19
video_195095,4
video_195137,19
video_195170,8
video_19527,7
video_19529,1
video_195291,4
video_195325,22
video_19533,13
video_195346,19
video_195361,1
video_195377,19
video_195426,22
video_195436,0
video_195512,28
video_19554,6
video_195556,22
video_195659,28
video_195687,1
video_195712,19
video_195822,22
video_195856,24
video_195862,1
video_195892,9
video_195944,18
video_195947,4
video_195973,4
video_195978,4
video_196014,4
video_196029,22
video_196071,29
video_196073,4
video_196280,22
video_196322,29
video_196338,22
video_196339,29
video_196348,19
video_196371,3
video_19638,22
video_196439,22
video_19649,22
video_196513,29
video_196518,8
video_196551,29
video_196601,29
video_196619,19
video_196634,29
video_196667,29
video_196704,4
video_196711,1
video_196727,8
video_196739,19
video_196813,19
video_196850,22
video_196873,22
video_196914,29
video_196922,0
video_197033,22
video_197035,3
video_197078,22
video_197150,18
video_197212,18
video_197218,22
video_197246,29
video_19726,23
video_197285,19
video_197304,29
video_197305,8
video_197307,8
video_197326,3
video_197460,8
video_197467,29
video_197521,23
video_197550,6
video_197567,22
video_197570,3
video_197632,7
video_197637,4
video_197638,6
video_197722,22
video_197731,8
video_197753,0
video_197781,8
video_197804,4
video_197827,22
video_197863,19
video_197893,22
video_197909,1
video_197916,18
video_19793,22
video_197932,29
video_198061,19
video_19808,1
video_198097,1
video_198135,8
video_198137,19
video_198196,18
video_19820,22
video_198255,29
video_198274,1
video_19829,8
video_198292,4
video_198305,8
video_19835,29
video_198354,4
video_198355,21
video_198358,8
video_198363,29
video_198373,6
video_198396,8
video_198398,23
video_198411,22
video_198425,7
video_198480,22
video_198532,29
video_198555,3
video_198558,22
video_198568,8
video_198627,29
video_198632,3
video_198636,8
video_198658,22
video_198721,28
video_19873,22
video_198818,29
video_198830,4
video_198895,6
video_198910,29
video_198917,8
video_198958,22
video_198960,8
video_198983,23
video_199026,19
video_199033,8
video_199053,4
video_199083,4
video_199084,29
video_199139,22
video_19914,2
video_199195,22
video_199216,29
video_199265,8
video_19930,1
video_199323,22
video_199349,22
video_199379,29
video_199407,29
video_199529,29
video_199586,8
video_199613,22
video_199686,23
video_199718,22
video_199731,1
video_199852,22
video_199859,22
video_199860,8
video_199891,6
video_1999,7
video_199914,4
video_199938,19
video_199943,22
video_199952,19
video_199954,7
video_199969,29
video_200048,28
video_200070,23
video_200135,28
video_200150,8
video_200156,8
video_200157,22
video_200171,8
video_200177,29
video_200209,3
video_200216,8
video_200228,22
video_200236,3
video_200291,19
video_200321,8
video_200326,9
video_200327,1
video_200348,19
video_200352,19
video_200385,29
video_200411,28
video_200440,8
video_200442,29
video_200463,1
video_200582,9
video_200595,22
video_200622,19
video_200624,23
video_200693,29
video_200703,3
video_200786,18
video_200802,3
video_200850,22
video_200874,8
video_200965,1
video_200969,22
video_20098,3
video_201042,22
video_201079,8
video_201095,19
video_201114,22
video_201126,8
video_201139,3
video_201153,9
video_201174,29
video_201199,1
video_201213,8
video_201222,19
video_201256,19
video_201267,3
video_201277,19
video_201291,19
video_201295,4
video_201326,8
video_201407,10
video_201444,1
video_201451,4
video_201457,22
video_201500,3
video_201503,22
video_201519,22
video_20155,4
video_201639,22
video_201652,4
video_201723,0
video_201733,19
video_201820,3
video_201856,4
video_20186,1
video_201873,22
video_201891,3
video_201905,3
video_201912,8
video_201932,8
video_201948,22
video_201955,18
video_201969,18
video_202005,19
video_202007,19
video_202035,22
video_202044,6
video_202097,4
video_202136,6
video_202161,22
video_202191,8
video_202193,9
video_202215,1
video_202223,3
video_20225,18
video_20227,9
video_202311,7
video_202387,22
video_202393,3
video_202452,6
video_2025,3
video_202515,22
video_202534,3
video_202577,9
video_202578,0
video_202593,1
video_202635,22
video_202639,23
video_202648,19
video_202666,3
video_202700,22
video_202706,8
video_202710,4
video_202739,22
video_20274,22
video_202745,8
video_202798,9
video_202894,7
video_202922,7
video_202932,8
video_202937,29
video_20297,22
video_202971,29
video_202976,7
video_20301,22
video_203022,18
video_20303,22
video_203069,3
video_203155,8
video_203178,1
video_203241,3
video_203245,19
video_203261,18
video_203264,22
video_203321,8
video_203329,3
video_203365,1
video_203386,8
video_203388,19
video_203390,8
video_203443,19
video_203446,29
video_203458,1
video_203480,23
video_203484,8
video_203486,22
video_203494,6
video_203515,4
video_203526,8
video_203557,3
video_203572,9
video_203606,8
video_203607,3
video_203674,8
video_203675,22
video_20369,22
video_203738,22
video_203812,0
video_203831,4
video_203876,4
video_203889,8
video_20392,29
video_203962,22
video_203964,8
video_203984,22
video_203987,3
video_203998,22
video_204002,4
video_204004,8
video_204020,18
video_204066,22
video_204077,18
video_204078,2
video_204091,19
video_204102,29
video_204117,3
video_204179,22
video_204195,18
video_204252,9
video_204283,29
video_204320,19
video_204363,22
video_204460,25
video_204461,3
video_204467,4
video_204510,10
video_20453,29
video_204538,22
video_20465,18
video_204653,22
video_204688,8
video_204699,3
video_204730,19
video_204745,8
video_204834,19
video_204903,29
video_204930,8
video_204975,22
video_204989,8
video_205019,8
video_205043,8
video_205052,19
video_205055,19
video_205080,3
video_205153,19
video_205157,9
video_205176,22
video_205224,22
video_205322,19
video_20541,0
video_205431,25
video_205536,4
video_205549,3
video_205579,22
video_205599,22
video_205628,29
video_205647,22
video_20566,22
video_205675,3
video_205699,8
video_205709,6
video_205711,29
video_205712,3
video_205755,1
video_205772,8
video_205808,8
video_205823,19
video_205836,3
video_205845,8
video_205879,22
video_205895,8
video_205907,4
video_205925,22
video_205929,3
video_205947,28
video_206018,3
video_206032,22
video_206087,7
video_20614,1
video_206140,19
video_206173,22
video_206196,8
video_20624,8
video_20625,6
video_206271,19
video_206277,4
video_206278,4
video_206301,4
video_20634,19
video_206352,3
video_206363,8
video_206386,8
video_206431,8
video_206458,19
video_206461,8
video_206464,28
video_206472,22
video_206543,7
video_206547,3
video_206712,18
video_206718,19
video_206777,8
video_206778,22
video_206802,22
video_206901,8
video_206908,12
video_206959,29
video_206976,22
video_2070,29
video_207006,19
video_207057,8
video_207091,9
video_207092,3
video_207203,29
video_207218,8
video_207219,8
video_207253,22
video_207293,8
video_207294,19
video_207324,29
video_20734,22
video_207371,4
video_207381,1
video_207415,29
video_207434,19
video_207463,1
video_207485,4
video_207538,22
video_207562,22
video_207631,22
video_207675,4
video_2077,3
video_207711,22
video_207743,0
video_207758,8
video_207764,29
video_207787,8
video_207788,29
video_20779,19
video_207878,9
video_207957,22
video_207958,3
video_207964,22
video_207965,19
video_207978,4
video_208,1
video_208008,8
video_20804,8
video_208053,3
video_208082,19
video_208089,22
video_208120,1
video_208140,22
video_208153,8
video_208159,21
video_208161,22
video_208164,22
video_208170,8
video_208183,8
video_208187,18
video_208239,4
video_208241,25
video_208293,29
video_208317,1
video_208319,29
video_208358,4
video_208378,22
video_208477,3
video_208480,22
video_208489,6
video_208498,22
video_208549,4
video_208583,8
video_208593,3
video_208624,29
video_208704,4
video_208756,9
video_20883,29
video_208849,22
video_208906,29
video_208986,19
video_209119,4
video_209135,8
video_209181,7
video_209211,8
video_209242,8
video_209303,6
video_209318,8
video_209333,22
video_209340,19
video_20935,19
video_209377,8
video_209390,6
video_209391,22
video_209456,14
video_209489,19
video_209527,2
video_209570,12
video_209591,29
video_209638,0
video_20966,19
video_209685,19
video_209707,1
video_209747,3
video_209793,22
video_209803,22
video_209815,19
video_209816,19
video_209822,8
video_209850,1
video_209881,4
video_209922,6
video_209927,18
video_20996,3
video_209991,4
video_210006,8
video_210015,29
video_210016,4
video_210027,8
video_210034,8
video_210086,12
video_21010,18
video_210102,19
video_210112,18
video_210148,19
video_210170,8
video_210197,22
video_210363,8
video_210377,8
video_210379,28
video_21039,18
video_210416,18
video_210420,3
video_210475,3
video_21048,8
video_210532,8
video_210540,1
video_210547,8
video_210571,22
video_21060,19
video_210622,4
video_210685,2
video_210708,1
video_210717,4
video_210792,0
video_210813,22
video_210820,22
video_210893,9
video_21092,18
video_210936,29
video_211021,19
video_211026,9
video_21103,18
video_211063,19
video_21109,22
video_211105,22
video_211147,19
video_211174,29
video_211177,29
video_211192,19
video_211214,3
video_211302,22
video_211327,19
video_211332,23
video_211388,22
video_211395,29
video_211405,1
video_211422,12
video_211576,18
video_211594,22
video_211733,19
video_211746,3
video_21188,19
video_21189,1
video_2119,19
video_211907,22
video_21196,7
video_211976,29
video_211988,25
video_212045,8
video_212077,3
video_212087,4
video_212093,0
video_212103,8
video_212108,29
video_212159,19
video_212193,3
video_212255,0
video_21227,8
video_212285,8
video_212298,12
video_212339,18
video_212385,29
video_212397,6
video_212402,8
video_21242,4
video_212433,18
video_212435,22
video_212439,29
video_212513,22
video_212641,29
video_212663,19
video_212675,8
video_212772,22
video_212849,29
video_212875,1
video_212886,8
video_212933,19
video_212962,19
video_212968,8
video_213015,4
video_213016,23
video_213054,8
video_213186,22
video_213223,29
video_21323,22
video_213248,8
video_213282,4
video_213285,8
video_213287,6
video_213303,29
video_213374,19
video_213375,1
video_213419,3
video_213445,29
video_213482,18
video_213489,22
video_213492,8
video_213494,29
video_213507,28
video_21352,1
video_213540,9
video_21356,3
video_213570,22
video_213596,1
video_213654,19
video_213706,18
video_213736,3
video_213769,3
video_213771,9
video_213789,22
video_213818,22
video_213820,22
video_213849,3
video_213852,8
video_213979,22
video_214057,19
video_214075,29
video_214079,22
video_214096,29
video_21410,1
video_21413,8
video_214143,3
video_214156,29
video_214259,1
video_214282,9
video_214298,19
video_21430,18
video_214326,18
video_21441,22
video_214474,19
video_214499,8
video_214514,3
video_214542,7
video_214547,4
video_21455,8
video_214560,19
video_214591,22
video_214627,19
video_214645,4
video_214665,4
video_214672,21
video_214683,29
video_214713,19
video_214758,22
video_214780,22
video_214812,6
video_214868,0
video_214908,8
video_21498,22
video_214986,18
video_215001,22
video_215013,9
video_215031,1
video_215037,2
video_215038,29
video_215040,1
video_215043,8
video_215073,6
video_215084,8
video_215130,3
video_21516,29
video_215175,22
video_215201,8
video_21521,29
video_215260,3
video_215267,19
video_21533,6
video_215372,22
video_215415,0
video_215420,8
video_215423,3
video_215443,9
video_215455,3
video_215483,18
video_215510,3
video_21554,3
video_215544,19
video_215567,8
video_215617,22
video_215620,4
video_21567,24
video_21577,18
video_215802,6
video_21582,18
video_215846,8
video_215877,22
video_215908,8
video_215933,22
video_215940,29
video_215982,28
video_216011,29
video_216029,6
video_216056,4
video_216061,8
video_216080,9
video_216083,6
video_216084,8
video_216228,19
video_21628,3
video_21634,29
video_216371,6
video_216490,1
video_216495,22
video_216502,23
video_216522,19
video_216581,4
video_216644,8
video_216695,8
video_216702,19
video_21671,8
video_216710,8
video_216721,22
video_216766,0
video_216805,22
video_216812,1
video_216824,29
video_216892,8
video_216916,22
video_216919,19
video_216944,3
video_216955,0
video_216957,8
video_216976,3
video_217007,1
video_217008,19
video_217010,8
video_217032,7
video_217046,22
video_21710,8
video_217101,18
video_217113,0
video_217148,19
video_217169,8
video_217175,29
video_217206,29
video_217318,29
video_217319,22
video_217323,22
video_217375,29
video_217407,8
video_217474,8
video_217532,18
video_217538,24
video_217561,1
video_217599,22
video_217654,17
video_217658,13
video_217708,7
video_217767,18
video_217773,1
video_2178,9
video_217881,3
video_217882,8
video_217884,1
video_217951,1
video_217962,23
video_218024,4
video_218160,19
video_218176,6
video_218241,29
video_21825,0
video_218279,8
video_218297,1
video_218322,6
video_218351,4
video_21836,8
video_21842,1
video_21846,4
video_218488,29
video_218519,8
video_218540,22
video_218545,29
video_218546,6
video_218600,25
video_218653,3
video_218688,6
video_218724,7
video_218734,22
video_218754,22
video_218786,4
video_218840,22
video_218855,29
video_218933,8
video_218975,8
video_218982,2
video_2190,8
video_219025,22
video_219040,8
video_219041,22
video_219061,29
video_219082,8
video_219098,4
video_219142,22
video_219143,22
video_219246,29
video_219265,3
video_219273,9
video_21929,4
video_219417,1
video_219469,22
video_219472,9
video_219496,29
video_219582,8
video_219624,18
video_219632,8
video_219686,29
video_219702,22
video_219707,4
video_219723,19
video_21980,9
video_219809,3
video_219826,29
video_219855,6
video_219862,22
video_219879,1
video_219885,22
video_219903,19
video_219945,29
video_219987,8
video_219988,24
video_22000,29
video_220002,19
video_220017,3
video_220066,22
video_220141,3
video_220180,22
video_220211,25
video_220221,8
video_220283,2
video_220348,4
video_220370,28
video_220477,23
video_220508,22
video_220549,8
video_220586,22
video_220623,9
video_22068,6
video_22069,18
video_220696,19
video_220746,0
video_220747,3
video_220770,8
video_220812,3
video_220846,3
video_22096,3
video_22120,3
video_22142,8
video_22153,0
video_22247,8
video_22248,22
video_22289,19
video_22322,9
video_22328,19
video_2238,19
video_22403,18
video_22441,18
video_22442,4
video_22445,4
video_22507,4
video_22547,7
video_22605,10
video_22626,8
video_22640,8
video_22716,4
video_22718,29
video_22749,3
video_2275,22
video_22760,22
video_22766,3
video_22770,8
video_22866,22
video_22891,8
video_22907,22
video_22945,22
video_23006,22
video_23028,8
video_23049,22
video_23056,0
video_23060,1
video_23203,29
video_23236,8
video_23237,22
video_23251,1
video_23288,3
video_23321,6
video_23405,20
video_23418,18
video_23419,19
video_23456,29
video_23467,4
video_23489,22
video_23502,22
video_23555,8
video_23557,31
video_23627,22
video_23631,18
video_23693,19
video_23725,22
video_23779,18
video_23790,19
video_23815,3
video_23824,19
video_23902,29
video_23939,4
video_23962,18
video_23964,19
video_24092,3
video_24101,8
video_24161,22
video_24214,7
video_24225,9
video_24251,6
video_24351,29
video_2439,3
video_24390,8
video_24439,4
video_24453,9
video_24510,22
video_24538,8
video_24540,4
video_24570,7
video_24607,29
video_2464,19
video_24690,29
video_24694,1
video_24713,22
video_24722,22
video_24757,22
video_24771,29
video_24810,8
video_2484,19
video_24841,3
video_24869,23
video_24901,1
video_24916,22
video_24936,3
video_2495,4
video_24953,1
video_24956,22
video_25016,3
video_25030,29
video_25054,1
video_25056,3
video_25154,22
video_2518,1
video_25263,3
video_25325,3
video_25362,19
video_25369,8
video_25390,22
video_25391,18
video_25417,4
video_25459,3
video_25460,8
video_25553,22
video_2557,8
video_25698,9
video_257,1
video_25749,28
video_25766,19
video_25767,8
video_25778,19
video_25780,2
video_25826,3
video_25856,29
video_25862,19
video_25930,22
video_25934,22
video_25936,22
video_2596,22
video_26015,8
video_26059,8
video_26069,31
video_2607,19
video_26070,4
video_26074,25
video_26100,22
video_26143,4
video_26153,29
video_26168,1
video_26194,0
video_26197,4
video_26219,19
video_26318,8
video_26363,8
video_26388,8
video_26452,8
video_2647,4
video_2651,22
video_26515,23
video_26523,3
video_26540,22
video_26566,29
video_26613,22
video_26662,18
video_26666,19
video_26686,4
video_2672,4
video_26798,3
video_26840,22
video_26882,22
video_26930,22
video_26964,3
video_2703,3
video_27075,4
video_27090,22
video_27159,8
video_2716,29
video_27182,8
video_27200,22
video_27227,19
video_27250,22
video_27261,10
video_27271,8
video_27276,6
video_27288,8
video_27289,24
video_27328,22
video_27338,22
video_27378,1
video_27385,22
video_27406,6
video_27408,3
video_27435,14
video_27443,8
video_27468,18
video_27498,29
video_2762,12
video_27671,8
video_27676,19
video_27686,22
video_27694,4
video_27696,1
video_27717,3
video_27743,1
video_27751,8
video_27764,31
video_27782,29
video_27805,4
video_27866,1
video_27871,3
video_27885,4
video_27888,3
video_27915,6
video_27931,19
video_27934,19
video_27956,9
video_27983,29
video_28001,1
video_28023,4
video_28117,22
video_28150,22
video_28171,22
video_28242,8
video_28273,22
video_28286,19
video_28291,0
video_2832,7
video_28323,29
video_28355,3
video_28367,22
video_28412,3
video_28441,4
video_28454,19
video_28506,8
video_28511,3
video_28625,0
video_28632,22
video_28637,19
video_2865,18
video_28662,1
video_28677,31
video_28680,7
video_28692,4
video_28695,29
video_28696,18
video_28726,4
video_28737,9
video_28780,19
video_28784,29
video_2881,22
video_28833,18
video_28837,8
video_28945,6
video_28950,8
video_29010,22
video_29032,3
video_29035,19
video_2905,4
video_29058,19
video_29090,21
video_29147,22
video_29158,22
video_29168,29
video_29203,1
video_29207,19
video_29248,3
video_29271,6
video_2928,4
video_29286,19
video_29388,1
video_29436,29
video_2964,31
video_29669,9
video_29685,23
video_29688,18
video_29706,9
video_29723,8
video_2973,6
video_29733,8
video_2976,22
video_29772,8
video_29786,25
video_29817,29
video_29844,2
video_29868,1
video_29877,22
video_29880,3
video_29901,1
video_29935,8
video_29940,12
video_29946,8
video_29965,0
video_30043,29
video_30044,8
video_30076,9
video_30088,6
video_30093,1
video_30101,29
video_30139,1
video_30142,1
video_30158,2
video_30164,19
video_30184,18
video_3019,22
video_30204,29
video_30232,7
video_30255,1
video_30326,22
video_30338,22
video_30342,8
video_30343,29
video_30374,22
video_30408,6
video_30425,4
video_30466,4
video_30523,4
video_30527,3
video_30528,29
video_30541,19
video_30551,1
video_30598,12
video_30643,8
video_30679,22
video_3068,29
video_3069,2
video_30732,19
video_30857,19
video_30863,1
video_30864,6
video_30865,6
video_30870,22
video_30879,8
video_30888,7
video_30924,29
video_30958,19
video_30980,3
video_30982,22
video_30996,0
video_31046,18
video_31096,22
video_31102,3
video_3117,22
video_31217,18
video_31240,8
video_31253,7
video_31283,19
video_31334,29
video_31336,18
video_31396,22
video_31446,21
video_31465,4
video_31466,22
video_31490,9
video_31505,8
video_31507,7
video_31549,9
video_31564,8
video_31611,8
video_31670,19
video_31675,22
video_31699,1
video_31743,8
video_31802,8
video_31876,4
video_31881,8
video_3189,29
video_31925,25
video_31975,22
video_32007,22
video_32150,0
video_32177,22
video_3222,22
video_32238,22
video_32255,22
video_32276,7
video_32285,22
video_32322,22
video_32393,22
video_32411,1
video_32440,19
video_32462,31
video_32473,24
video_32485,8
video_32495,22
video_32530,18
video_32535,29
video_32669,19
video_3273,29
video_32748,18
video_32798,6
video_3288,25
video_32905,8
video_32935,7
video_32936,9
video_32997,1
video_32999,19
video_33027,8
video_33077,4
video_33125,29
video_33165,1
video_33179,18
video_33214,3
video_3325,18
video_33268,19
video_33275,9
video_33318,29
video_33336,29
video_33376,22
video_33403,0
video_33410,29
video_3342,29
video_33424,22
video_33428,4
video_33460,29
video_33510,8
video_33524,6
video_33589,19
video_33596,19
video_33673,8
video_33716,4
video_33840,1
video_33850,4
video_33874,28
video_33907,4
video_3391,29
video_33912,1
video_33920,22
video_33947,9
video_33970,8
video_33979,3
video_34021,18
video_34025,4
video_3410,22
video_34115,1
video_34160,22
video_34167,22
video_34226,19
video_34227,29
video_34237,22
video_34239,19
video_34259,8
video_34321,7
video_3434,4
video_34353,29
video_34390,4
video_34397,18
video_34407,22
video_34474,19
video_34476,18
video_34513,22
video_34519,8
video_34588,1
video_3459,0
video_34591,4
video_34595,8
video_34644,29
video_34696,22
video_34711,22
video_34721,22
video_34723,14
video_3473,22
video_34734,18
video_34823,4
video_34834,9
video_34883,22
video_34964,22
video_34981,22
video_34991,3
video_35000,29
video_35045,21
video_35082,1
video_35141,22
video_35166,22
video_35182,22
video_3519,6
video_35195,29
video_35275,25
video_35358,22
video_35361,14
video_35447,28
video_35452,29
video_35460,29
video_35461,22
video_35495,29
video_355,8
video_35524,8
video_35546,8
video_35590,18
video_35647,8
video_35658,10
video_35705,1
video_35753,1
video_35854,12
video_35918,22
video_35928,24
video_35932,19
video_35942,22
video_35969,8
video_35972,4
video_35973,8
video_35984,9
video_36050,4
video_36115,8
video_36171,22
video_36313,31
video_3639,8
video_36447,9
video_36463,9
video_36472,19
video_36489,19
video_36531,0
video_36624,29
video_36638,29
video_36666,8
video_36707,0
video_36740,1
video_36756,8
video_36757,8
video_36780,29
video_36811,22
video_36817,8
video_36821,18
video_36853,28
video_36884,23
video_36902,22
video_36959,19
video_36969,19
video_37034,18
video_37041,0
video_37298,8
video_37310,19
video_37343,18
video_37384,8
video_37409,18
video_37482,29
video_3753,4
video_37547,1
video_3756,8
video_37600,3
video_37614,3
video_37628,22
video_37671,19
video_37695,22
video_37699,22
video_37711,8
video_37758,22
video_37760,19
video_37840,19
video_37852,22
video_37866,0
video_37874,22
video_37877,1
video_37961,22
video_3798,3
video_37993,19
video_37999,29
video_38067,19
video_38077,6
video_38078,3
video_38107,8
video_38126,8
video_38129,3
video_38132,19
video_38227,29
video_3824,8
video_38268,29
video_38294,25
video_38319,9
video_38320,29
video_38330,7
video_38334,8
video_38354,22
video_38360,4
video_3841,29
video_38468,29
video_38478,22
video_38480,29
video_38492,4
video_38536,19
video_38544,18
video_38582,18
video_38618,3
video_3864,8
video_38647,24
video_38652,19
video_38663,1
video_38670,1
video_38706,20
video_38739,8
video_38773,0
video_38790,22
video_38809,8
video_38812,29
video_38818,29
video_38858,1
video_38938,8
video_39058,22
video_39059,19
video_39069,8
video_39072,6
video_39114,31
video_39115,8
video_39116,18
video_39121,0
video_39149,22
video_39188,7
video_39226,8
video_39253,19
video_3926,4
video_39272,4
video_39279,22
video_39304,22
video_39340,9
video_39341,22
video_39373,8
video_39419,8
video_39428,6
video_39442,23
video_39545,19
video_3956,19
video_39571,4
video_39582,6
video_39609,8
video_39633,22
video_39649,3
video_39677,8
video_3975,22
video_3980,22
video_3981,24
video_39821,29
video_39953,22
video_400,7
video_4000,29
video_40017,3
video_40060,8
video_401,19
video_40100,8
video_40160,22
video_40188,8
video_4022,4
video_40248,29
video_40289,22
video_40300,29
video_40325,22
video_40362,8
video_40364,19
video_40429,22
video_40436,0
video_40490,6
video_40497,18
video_40508,19
video_40546,22
video_40552,3
video_40572,19
video_40687,19
video_40692,29
video_407,22
video_40762,22
video_40763,4
video_40765,28
video_40829,19
video_4085,8
video_40866,29
video_40892,18
video_40900,19
video_40943,4
video_40975,22
video_40988,9
video_41018,18
video_41092,1
video_41122,7
video_41146,6
video_41152,6
video_41164,18
video_41249,1
video_41251,29
video_41258,22
video_4127,4
video_41281,29
video_41283,29
video_41317,19
video_41451,19
video_41461,19
video_4148,29
video_41484,18
video_4149,3
video_41525,29
video_41532,4
video_41533,2
video_41562,8
video_4157,19
video_41589,18
video_41606,8
video_41751,4
video_41763,1
video_41770,19
video_41808,22
video_41905,0
video_41976,0
video_4200,19
video_42023,8
video_42099,4
video_42177,29
video_42221,22
video_42261,3
video_42270,0
video_42288,29
video_4229,4
video_42307,29
video_42364,8
video_42386,19
video_42460,8
video_42476,4
video_42525,8
video_42622,19
video_42646,3
video_42703,3
video_42711,19
video_42719,29
video_42724,22
video_42726,4
video_42757,22
video_42779,19
video_43,19
video_43003,25
video_43028,29
video_43029,22
video_43030,19
video_4304,8
video_4306,7
video_4307,1
video_43114,8
video_4315,22
video_43242,3
video_43244,22
video_43250,13
video_43339,8
video_43388,7
video_43394,18
video_43399,22
video_43402,29
video_43427,22
video_43452,7
video_43457,22
video_43485,4
video_4350,8
video_43622,4
video_43649,18
video_43667,22
video_43670,29
video_43746,23
video_43753,8
video_43762,23
video_43789,4
video_438,7
video_43897,8
video_4390,9
video_43903,22
video_43921,19
video_43947,28
video_43974,6
video_43997,22
video_43998,0
video_44001,0
video_44011,19
video_44013,3
video_44030,19
video_44062,31
video_4408,19
video_44120,22
video_44124,14
video_44178,29
video_44216,22
video_44272,19
video_4428,8
video_44384,22
video_44406,19
video_44417,22
video_4449,22
video_44490,4
video_4450,6
video_44535,3
video_44541,3
video_44569,23
video_44584,19
video_44642,3
video_44646,0
video_44654,8
video_44678,28
video_44761,4
video_44764,22
video_44779,4
video_44783,8
video_44790,22
video_44791,29
video_44805,19
video_44874,4
video_4489,19
video_44920,8
video_44944,4
video_45003,29
video_45029,13
video_45071,19
video_45101,22
video_45117,8
video_45173,9
video_45218,22
video_45245,22
video_45271,23
video_45280,4
video_45289,29
video_45296,1
video_45359,4
video_45360,4
video_45380,18
video_45407,29
video_45439,23
video_45498,22
video_45555,19
video_45576,22
video_45591,8
video_45601,22
video_4568,29
video_45798,22
video_45804,29
video_45810,8
video_45831,8
video_45832,8
video_45875,22
video_4588,22
video_45881,29
video_45924,8
video_46019,4
video_46023,8
video_46024,29
video_46047,29
video_46070,22
video_46093,4
video_46133,1
video_46152,4
video_46198,8
video_4626,18
video_46286,22
video_46340,8
video_46347,22
video_46393,22
video_46495,4
video_46499,22
video_46502,22
video_46503,22
video_46565,22
video_46570,22
video_46615,22
video_46635,19
video_46652,2
video_46656,19
video_46664,29
video_4671,22
video_46758,19
video_46759,29
video_46773,28
video_46821,29
video_46857,29
video_4688,22
video_46896,23
video_46931,3
video_46956,8
video_46959,9
video_46981,19
video_47012,18
video_47020,22
video_47048,22
video_47053,0
video_47084,0
video_47103,18
video_47178,4
video_47201,22
video_47202,29
video_47213,22
video_47228,22
video_47231,19
video_47250,8
video_47275,8
video_47287,1
video_47334,8
video_4735,9
video_47418,8
video_47448,8
video_47449,1
video_47516,19
video_47525,22
video_47543,22
video_47591,19
video_47617,7
video_47705,1
video_47719,3
video_47745,8
video_47790,8
video_47807,25
video_47874,4
video_47876,25
video_47933,4
video_47948,22
video_47967,22
video_47968,3
video_47970,19
video_47974,1
video_48000,22
video_48043,25
video_48054,4
video_48079,0
video_48116,8
video_48124,18
video_48139,22
video_48174,0
video_48232,4
video_48245,29
video_48247,19
video_48260,12
video_48285,6
video_48287,19
video_48330,25
video_48338,19
video_48365,22
video_48374,8
video_4842,17
video_48447,8
video_48463,4
video_48471,1
video_48496,19
video_48529,6
video_48543,19
video_48546,29
video_48557,3
video_48571,22
video_48576,4
video_48616,29
video_48683,29
video_48719,1
video_48729,10
video_4873,9
video_48804,6
video_48834,19
video_48925,1
video_49011,10
video_4905,29
video_49067,6
video_4915,4
video_49218,19
video_4928,18
video_49296,7
video_49328,22
video_49361,30
video_4950,7
video_49512,8
video_49513,0
video_49531,3
video_49535,28
video_49575,22
video_49618,8
video_49621,4
video_49628,22
video_49685,8
video_49732,29
video_49736,8
video_498,3
video_4988,22
video_49928,29
video_50049,8
video_50057,22
video_50058,23
video_50060,9
video_50062,22
video_50101,3
video_5011,6
video_50119,4
video_50130,3
video_50145,23
video_50161,4
video_50176,22
video_50209,4
video_50248,0
video_50255,19
video_50287,8
video_50314,8
video_50357,22
video_50407,2
video_50442,6
video_5061,4
video_50611,3
video_50622,1
video_50684,23
video_50685,22
video_50687,22
video_50714,22
video_50761,1
video_50768,8
video_50778,12
video_50801,22
video_50809,8
video_50813,0
video_50819,29
video_50827,22
video_50861,8
video_50898,3
video_50948,22
video_50960,1
video_50979,1
video_51001,8
video_51006,20
video_51086,3
video_51154,6
video_51161,28
video_51182,31
video_51235,0
video_51293,22
video_51326,4
video_51341,18
video_51344,29
video_51377,6
video_51447,4
video_51471,8
video_51603,29
video_51612,8
video_51643,31
video_51665,6
video_51667,22
video_51680,4
video_51699,29
video_51735,22
video_51827,8
video_51840,8
video_5185,4
video_51878,3
video_51887,22
video_51894,1
video_51964,19
video_51980,8
video_51987,8
video_52006,19
video_52011,22
video_52012,29
video_52021,19
video_52030,22
video_52033,9
video_5204,8
video_52045,4
video_52110,1
video_52116,29
video_52123,18
video_52126,22
video_52177,1
video_52227,12
video_52282,22
video_52291,4
video_52389,8
video_52429,29
video_52434,23
video_52459,21
video_52471,1
video_52473,29
video_52476,19
video_52588,8
video_5274,4
video_5290,22
video_52959,18
video_52964,9
video_52988,1
video_53118,3
video_5312,8
video_53228,29
video_53265,4
video_5329,8
video_5332,19
video_53328,22
video_53383,22
video_53389,22
video_53400,19
video_53428,8
video_53439,4
video_53449,4
video_53450,29
video_53486,3
video_53513,22
video_53516,22
video_53517,22
video_53563,18
video_5359,22
video_53632,8
video_53669,22
video_53704,1
video_53732,22
video_53767,8
video_53831,29
video_5386,6
video_53876,8
video_53892,19
video_53894,22
video_53910,23
video_53914,19
video_53991,29
video_54035,19
video_54055,8
video_54151,29
video_5418,1
video_54197,4
video_54255,19
video_54317,22
video_54345,4
video_54369,22
video_54381,19
video_54395,1
video_54408,4
video_54411,4
video_54448,6
video_54498,4
video_54532,0
video_54760,8
video_54774,22
video_54902,4
video_54910,19
video_54927,6
video_54948,22
video_5496,29
video_550,4
video_55005,19
video_55021,1
video_5506,8
video_55215,29
video_55223,3
video_55237,22
video_55249,22
video_55277,4
video_55279,19
video_55298,24
video_55312,9
video_55324,8
video_55327,22
video_55344,4
video_55514,8
video_55517,8
video_55547,29
video_5557,8
video_55593,7
video_55630,28
video_55692,4
video_55746,4
video_55751,22
video_55772,23
video_55785,9
video_55816,19
video_55822,8
video_5583,19
video_55830,4
video_5584,22
video_55843,24
video_55845,1
video_55853,19
video_5586,22
video_55876,4
video_55887,23
video_55892,22
video_5592,24
video_56009,29
video_5601,3
video_56016,1
video_5607,22
video_56082,3
video_56096,3
video_56139,3
video_56153,23
video_56172,7
video_56174,22
video_56176,23
video_5619,22
video_56198,10
video_56209,19
video_56217,3
video_56218,3
video_56242,19
video_56246,7
video_56253,8
video_56338,22
video_56358,8
video_56365,8
video_56375,8
video_56377,29
video_56390,22
video_56416,8
video_56448,6
video_56450,22
video_56459,8
video_56460,22
video_56474,29
video_56556,19
video_56574,22
video_56600,8
video_56662,6
video_56665,1
video_56745,29
video_56746,19
video_56753,22
video_56756,22
video_5683,22
video_56878,22
video_56921,3
video_56998,19
video_57008,1
video_57058,23
video_57064,3
video_57101,22
video_57117,3
video_57166,4
video_57168,1
video_57171,22
video_57187,8
video_57253,29
video_57275,8
video_57308,22
video_5731,29
video_57349,1
video_57361,22
video_57376,22
video_57416,3
video_57422,8
video_57443,8
video_57538,22
video_57568,22
video_57584,1
video_57591,4
video_57616,6
video_57623,1
video_5763,18
video_57632,19
video_57648,24
video_5768,1
video_57700,8
video_57769,4
video_57789,22
video_57817,22
video_57839,7
video_5784,19
video_57893,2
video_57954,31
video_57968,8
video_57987,4
video_58087,1
video_5809,6
video_58103,2
video_58117,14
video_58153,0
video_58219,4
video_58318,22
video_58333,1
video_58334,29
video_58364,22
video_58421,6
video_58454,22
video_58516,29
video_58518,3
video_58529,3
video_58534,3
video_58670,8
video_58701,29
video_58719,8
video_58731,1
video_58743,1
video_58746,22
video_58798,19
video_58799,25
video_588,4
video_58882,19
video_58885,28
video_58998,25
video_59000,7
video_59016,7
video_59025,24
video_59032,8
video_59118,8
video_59119,22
video_59155,22
video_59157,22
video_5917,4
video_59178,1
video_59196,9
video_59228,19
video_59251,22
video_59265,2
video_59292,4
video_59314,31
video_59317,4
video_59346,29
video_59394,23
video_59402,22
video_59463,8
video_59496,22
video_59518,1
video_59519,22
video_59561,4
video_596,29
video_59604,3
video_59608,22
video_59609,1
video_59653,29
video_59677,0
video_59747,4
video_59877,4
video_59914,9
video_59928,3
video_59963,22
video_59980,22
video_59997,29
video_60054,22
video_60061,8
video_60080,0
video_60146,22
video_60161,1
video_60190,3
video_60211,4
video_6027,2
video_60319,23
video_60369,19
video_60390,8
video_604,1
video_60405,1
video_60427,4
video_60429,4
video_607,1
video_60773,1
video_60783,29
video_60840,22
video_60858,29
video_60876,22
video_60926,19
video_61026,1
video_61035,22
video_61048,23
video_61049,22
video_61066,19
video_61100,4
video_61120,3
video_61161,19
video_61197,3
video_61200,4
video_61209,4
video_61249,0
video_61280,6
video_61302,18
video_61332,4
video_61340,1
video_61350,1
video_61368,29
video_61376,22
video_61432,23
video_61555,23
video_61556,19
video_61571,8
video_6158,22
video_61581,8
video_61582,22
video_6160,19
video_61663,19
video_61689,29
video_61732,6
video_61793,8
video_61848,29
video_61872,19
video_61971,1
video_62014,22
video_62020,22
video_62034,22
video_6204,18
video_62040,23
video_62046,25
video_62139,7
video_62172,3
video_62342,8
video_6235,8
video_62363,3
video_62390,8
video_62400,8
video_62405,29
video_6250,8
video_62520,19
video_62574,29
video_62585,1
video_62635,3
video_62749,6
video_62847,4
video_62851,4
video_62876,29
video_6289,7
video_62917,22
video_62975,4
video_62988,3
video_62997,29
video_63028,1
video_63052,22
video_63066,4
video_63074,29
video_63075,22
video_63079,25
video_63144,22
video_63149,19
video_63169,8
video_6324,8
video_63329,3
video_63339,22
video_63505,7
video_63507,29
video_63511,3
video_63513,1
video_63574,29
video_63576,18
video_63583,4
video_63592,8
video_63601,4
video_63602,4
video_63603,19
video_63627,1
video_63649,18
video_63690,29
video_63701,8
video_6372,8
video_63727,3
video_63748,19
video_63768,3
video_63799,1
video_63835,29
video_63845,3
video_63856,22
video_63865,3
video_63868,29
video_63958,3
video_63968,1
video_63994,8
video_64000,22
video_64004,29
video_64010,1
video_64093,3
video_64183,22
video_64200,3
video_64242,7
video_64247,1
video_64275,4
video_64283,29
video_64318,8
video_64354,8
video_64364,3
video_64468,29
video_64536,4
video_64579,8
video_64653,29
video_64659,19
video_64670,19
video_64676,22
video_64698,4
video_64772,18
video_64782,9
video_64844,22
video_64866,4
video_6487,22
video_64891,3
video_64896,18
video_64936,19
video_64939,6
video_64946,3
video_64954,7
video_64984,6
video_65057,8
video_65079,3
video_65103,1
video_65136,22
video_65190,3
video_65236,29
video_65242,1
video_65243,3
video_65246,22
video_6528,22
video_65288,19
video_65305,22
video_65332,19
video_65353,22
video_65392,0
video_65427,29
video_65438,8
video_65447,22
video_65451,1
video_65452,0
video_65474,8
video_65528,22
video_6558,29
video_65587,1
video_656,1
video_65624,1
video_65686,29
video_65750,22
video_65773,19
video_65774,22
video_65782,8
video_65786,25
video_65791,19
video_65795,19
video_65840,8
video_65938,29
video_6595,29
video_66001,9
video_66023,1
video_66053,29
video_66075,3
video_66133,0
video_66148,1
video_6615,4
video_66151,29
video_66177,22
video_66210,4
video_66249,8
video_66265,1
video_66275,1
video_66330,3
video_66350,24
video_66375,19
video_66441,8
video_66483,29
video_66515,8
video_66537,23
video_66553,22
video_66567,4
video_66697,8
video_66709,4
video_66718,22
video_6672,18
video_66762,8
video_66805,8
video_66830,29
video_66862,29
video_66910,19
video_66933,4
video_66959,19
video_66980,22
video_66984,8
video_67027,19
video_67086,8
video_67105,3
video_67172,23
video_67204,18
video_67256,6
video_67258,20
video_6727,22
video_67290,19
video_67330,0
video_67364,22
video_67374,7
video_67383,22
video_67429,3
video_67473,6
video_67484,22
video_67497,7
video_675,0
video_67509,19
video_67518,22
video_67568,9
video_67614,8
video_67625,19
video_67686,19
video_67690,22
video_67701,19
video_67705,8
video_67713,22
video_67731,22
video_67765,1
video_67773,20
video_67803,3
video_6783,18
video_67857,22
video_6786,22
video_67861,19
video_67892,28
video_67998,3
video_68002,19
video_68018,3
video_68052,23
video_68055,4
video_68092,24
video_68104,8
video_6811,1
video_68113,29
video_68141,19
video_68190,22
video_68286,22
video_68320,22
video_68337,31
video_68347,6
video_6843,29
video_6850,22
video_68532,22
video_68535,8
video_6859,3
video_68590,8
video_68596,22
video_68603,19
video_68651,22
video_68675,8
video_68813,1
video_68875,12
video_68998,8
video_69014,1
video_69017,18
video_69030,18
video_69100,22
video_69124,22
video_69134,22
video_69200,29
video_69278,8
video_6931,8
video_69341,3
video_69343,29
video_69382,22
video_69447,7
video_69509,19
video_69511,4
video_69540,8
video_69549,19
video_69576,29
video_69585,29
video_69588,29
video_6963,1
video_69632,22
video_69640,4
video_69651,0
video_69658,8
video_69670,19
video_69684,29
video_69691,0
video_69724,29
video_69738,19
video_69764,29
video_69788,29
video_69842,19
video_69855,4
video_69922,3
video_70012,29
video_70035,3
video_70109,22
video_70113,22
video_70152,8
video_70182,8
video_70197,8
video_7022,7
video_70224,19
video_70237,3
video_70293,19
video_70295,22
video_70319,3
video_70322,22
video_7033,18
video_7035,8
video_70353,7
video_70399,6
video_704,22
video_70460,8
video_70490,19
video_70526,3
video_70605,3
video_70623,22
video_70640,29
video_70698,19
video_70705,22
video_7071,6
video_70715,1
video_70748,29
video_70866,19
video_70893,3
video_70895,4
video_70914,7
video_70933,8
video_70939,8
video_70958,7
video_7102,22
video_71056,22
video_71084,3
video_71123,8
video_7115,4
video_71197,19
video_71258,29
video_71276,8
video_71294,3
video_71310,22
video_71331,0
video_71349,28
video_71367,1
video_71401,7
video_71404,8
video_7141,4
video_71414,3
video_71459,19
video_71569,19
video_71628,8
video_71638,22
video_71663,19
video_71673,4
video_71825,29
video_71828,3
video_71866,29
video_71946,19
video_72000,8
video_72017,29
video_72039,8
video_72071,4
video_72090,8
video_72111,4
video_72133,19
video_72161,2
video_72191,22
video_7235,4
video_72405,22
video_72578,29
video_72591,3
video_72597,22
video_72621,8
video_72650,19
video_72683,6
video_72713,3
video_72732,18
video_72740,4
video_72752,28
video_72762,22
video_72771,22
video_72781,8
video_72881,8
video_72933,1
video_7294,0
video_72984,18
video_730,8
video_73004,3
video_73013,4
video_73015,18
video_73041,8
video_73050,3
video_73077,22
video_73079,22
video_73084,8
video_73162,8
video_73178,19
video_73203,4
video_73230,22
video_73251,22
video_73254,19
video_7328,10
video_73280,6
video_73304,9
video_73389,19
video_73400,22
video_73443,6
video_7346,25
video_73533,18
video_73562,3
video_7357,19
video_73614,25
video_73626,3
video_73645,19
video_73648,6
video_73659,29
video_73694,22
video_73704,8
video_73731,8
video_73748,19
video_73768,7
video_73772,8
video_73783,19
video_73910,22
video_73956,1
video_7397,29
video_7400,19
video_74011,4
video_74030,20
video_74040,4
video_74043,22
video_7409,4
video_74093,22
video_74159,3
video_74161,23
video_74174,7
video_74212,4
video_74215,8
video_74223,22
video_74244,8
video_74361,19
video_74368,22
video_74373,0
video_74410,28
video_74417,0
video_74490,3
video_74501,18
video_74502,8
video_74553,19
video_74597,7
video_74609,3
video_74622,4
video_74646,19
video_74677,23
video_7468,0
video_74693,6
video_74700,3
video_74722,19
video_74780,29
video_74781,18
video_74784,22
video_74806,1
video_74867,22
video_74903,22
video_74958,4
video_74974,1
video_75041,22
video_75059,8
video_75070,6
video_7511,29
video_75128,8
video_75133,8
video_75144,19
video_75182,23
video_75222,8
video_7524,1
video_75286,18
video_75300,3
video_75329,3
video_75363,4
video_75365,22
video_75406,8
video_75427,22
video_75448,2
video_75507,4
video_75534,22
video_75616,4
video_75694,3
video_75711,8
video_75726,23
video_75729,4
video_75765,3
video_75799,8
video_75813,22
video_75853,19
video_75862,29
video_75956,8
video_75968,29
video_76001,8
video_76018,22
video_76052,22
video_76067,24
video_76085,29
video_76092,8
video_76205,8
video_76236,18
video_76248,4
video_76251,19
video_76279,0
video_76348,22
video_76350,19
video_7641,9
video_76481,0
video_76486,22
video_76539,28
video_7656,19
video_76586,19
video_7666,19
video_76674,29
video_76717,1
video_76778,3
video_76783,3
video_76826,8
video_7684,19
video_76898,6
video_76909,19
video_76927,0
video_76947,8
video_76958,1
video_76960,19
video_76997,22
video_77034,19
video_77040,8
video_77102,22
video_77156,8
video_77160,18
video_77189,0
video_77232,7
video_77251,19
video_7735,8
video_77352,28
video_77372,22
video_77385,4
video_774,19
video_77411,25
video_77423,1
video_77430,25
video_77448,22
video_7745,1
video_77464,3
video_77498,0
video_77504,6
video_77540,22
video_77613,29
video_77645,3
video_77658,22
video_77663,19
video_7768,6
video_77747,22
video_77776,28
video_77830,19
video_77836,22
video_77837,4
video_77838,29
video_77845,8
video_77910,22
video_77920,4
video_77952,4
video_77969,19
video_77985,22
video_77996,29
video_78005,22
video_78016,4
video_78033,22
video_78079,18
video_78130,3
video_78163,6
video_78182,9
video_78186,22
video_78210,19
video_78228,0
video_78349,22
video_78366,23
video_78411,29
video_78412,1
video_78440,7
video_78442,22
video_78514,19
video_78525,4
video_78547,19
video_78562,3
video_78653,0
video_78668,19
video_78686,7
video_78702,22
video_78703,29
video_78715,19
video_78785,8
video_78824,29
video_78832,29
video_78860,22
video_78920,8
video_78923,3
video_78924,22
video_78962,8
video_78965,29
video_78972,22
video_78976,19
video_79009,29
video_79046,1
video_79081,1
video_79095,9
video_79142,8
video_79176,29
video_79183,22
video_79238,4
video_79245,4
video_79278,29
video_7930,9
video_79326,4
video_79346,18
video_79348,22
video_79359,4
video_79360,19
video_79367,6
video_79391,8
video_79394,22
video_79409,28
video_79450,3
video_79461,8
video_79475,0
video_7948,18
video_79494,0
video_79527,19
video_79568,8
video_79573,8
video_79580,4
video_79622,4
video_79657,19
video_79691,3
video_79722,19
video_79727,3
video_79745,18
video_79756,22
video_79772,19
video_79853,22
video_79881,8
video_79929,3
video_7995,22
video_80017,19
video_80018,29
video_80056,0
video_80137,22
video_80164,22
video_80192,9
video_80314,1
video_80355,8
video_80381,6
video_80467,6
video_80493,22
video_80499,23
video_80516,3
video_80541,8
video_80546,22
video_80616,9
video_80682,19
video_80719,19
video_80809,8
video_8081,22
video_80827,19
video_80830,1
video_80832,22
video_80887,3
video_80903,4
video_80914,29
video_8093,22
video_80942,22
video_80949,22
video_81015,6
video_81077,6
video_81125,22
video_81174,8
video_81178,8
video_81197,22
video_8125,19
video_81288,8
video_81302,0
video_81331,8
video_81344,3
video_81349,29
video_81362,8
video_81364,19
video_81451,4
video_81458,8
video_81491,24
video_8150,25
video_81504,8
video_81535,4
video_81557,19
video_81560,29
video_81581,19
video_81663,8
video_81768,21
video_81770,8
video_81779,23
video_81808,22
video_81831,19
video_81903,22
video_81917,1
video_81936,1
video_81963,8
video_81995,22
video_81997,22
video_82044,31
video_82084,22
video_82127,22
video_82232,19
video_82233,4
video_82254,3
video_82258,0
video_8226,22
video_82315,8
video_8241,9
video_8243,6
video_82462,29
video_82473,8
video_82490,29
video_82495,8
video_82565,3
video_82569,25
video_82600,29
video_82629,19
video_82716,8
video_82728,29
video_82730,18
video_82731,19
video_82759,3
video_82832,7
video_82857,19
video_82925,8
video_82932,8
video_83062,22
video_8311,8
video_83148,23
video_83173,22
video_83231,4
video_83326,22
video_83328,20
video_83337,4
video_83357,3
video_83408,3
video_83497,25
video_83534,1
video_83575,8
video_83596,22
video_83631,28
video_83643,0
video_83647,14
video_8365,1
video_83670,22
video_83672,4
video_83721,8
video_8373,22
video_83738,4
video_83771,1
video_83782,4
video_83808,29
video_83849,1
video_83889,8
video_83927,8
video_8396,31
video_84010,22
video_84022,22
video_84033,8
video_84084,4
video_84096,29
video_84183,1
video_84193,9
video_8423,8
video_84319,18
video_84411,8
video_84470,22
video_84525,8
video_84566,19
video_84583,19
video_8459,29
video_84591,19
video_84624,18
video_84630,4
video_84648,29
video_84798,22
video_84850,8
video_84852,3
video_84922,8
video_85126,1
video_85183,9
video_85228,19
video_85271,8
video_85272,19
video_85278,0
video_85325,6
video_85343,4
video_85383,9
video_85439,22
video_85449,22
video_85471,8
video_85550,7
video_85552,22
video_85566,0
video_85613,8
video_85627,19
video_85633,19
video_85666,22
video_8567,19
video_85672,22
video_85714,8
video_8573,22
video_85737,3
video_8574,8
video_85751,8
video_85824,8
video_85849,22
video_85850,8
video_85904,9
video_85933,6
video_85987,19
video_86020,23
video_86023,9
video_86034,1
video_86077,24
video_86123,19
video_86151,29
video_86160,1
video_86176,7
video_86254,22
video_86262,8
video_86349,22
video_86386,1
video_8639,1
video_86441,22
video_86478,8
video_86482,31
video_86517,22
video_86552,3
video_866,19
video_86606,19
video_86682,4
video_86712,19
video_86786,19
video_86853,3
video_86865,1
video_86918,3
video_86950,25
video_86973,1
video_86985,8
video_87007,29
video_87046,19
video_87086,29
video_87103,29
video_87113,19
video_87176,19
video_87184,22
video_87277,3
video_87346,19
video_87371,22
video_87391,1
video_87400,1
video_87417,3
video_87431,8
video_87439,29
video_87511,29
video_87573,8
video_87597,22
video_87611,8
video_87614,1
video_87649,6
video_8766,6
video_87667,1
video_87703,9
video_87736,8
video_87780,3
video_87794,19
video_8788,3
video_87908,29
video_87940,8
video_87950,21
video_88016,7
video_8804,22
video_88104,23
video_88136,29
video_88168,18
video_8817,18
video_88176,8
video_88184,22
video_88216,29
video_88224,7
video_88236,31
video_88248,6
video_88391,4
video_88408,1
video_88425,8
video_88455,4
video_88558,8
video_88629,22
video_88674,19
video_88696,18
video_88725,12
video_88727,22
video_88751,8
video_88824,22
video_88831,8
video_88932,28
video_88966,4
video_89029,3
video_89041,19
video_89042,3
video_8907,22
video_89125,29
video_8917,4
video_89186,29
video_89219,18
video_89326,19
video_89345,18
video_89413,0
video_89418,3
video_89441,6
video_89472,8
video_89484,3
video_89516,19
video_89518,19
video_89644,4
video_89664,29
video_89795,8
video_89869,22
video_89885,8
video_89910,22
video_8993,29
video_89941,8
video_89946,4
video_90017,29
video_90020,22
video_9004,19
video_90060,8
video_90072,8
video_90100,8
video_90108,6
video_90176,22
video_90185,1
video_90193,19
video_90245,22
video_90295,22
video_90314,18
video_90343,29
video_90354,29
video_90363,19
video_90389,14
video_90390,22
video_90469,29
video_90499,18
video_90515,22
video_90546,29
video_90606,7
video_9066,19
video_90700,19
video_90716,29
video_90731,23
video_90732,6
video_90750,19
video_90760,8
video_90842,19
video_9089,19
video_90923,8
video_90934,1
video_90950,8
video_91027,4
video_91065,8
video_9112,22
video_91121,8
video_91143,8
video_91167,8
video_91243,1
video_91260,29
video_9146,19
video_91487,19
video_9149,7
video_91493,22
video_91501,22
video_91502,0
video_91525,22
video_91550,28
video_91593,18
video_91598,3
video_91620,19
video_91635,22
video_9164,4
video_91651,19
video_91666,4
video_91679,3
video_91686,19
video_91740,29
video_91813,9
video_91845,3
video_9192,19
video_91925,1
video_91928,19
video_91979,29
video_91982,8
video_92015,29
video_92016,22
video_9204,8
video_92054,8
video_92083,6
video_92084,8
video_92106,19
video_92111,22
video_92138,6
video_92170,9
video_92205,8
video_92218,3
video_9224,19
video_923,28
video_92309,8
video_92323,4
video_92332,8
video_92425,29
video_92445,29
video_92513,1
video_92563,8
video_92564,22
video_92582,6
video_92599,28
video_92761,3
video_92766,24
video_92784,29
video_92815,3
video_92876,29
video_92917,29
video_92954,12
video_93016,24
video_93065,19
video_93106,3
video_93120,20
video_93136,9
video_93148,1
video_93150,8
video_93173,4
video_9324,22
video_93240,3
video_93289,8
video_93336,22
video_93468,7
video_93477,18
video_93479,25
video_93480,22
video_93488,22
video_93516,1
video_93578,29
video_93703,4
video_93729,22
video_93778,22
video_93791,28
video_93841,18
video_93855,1
video_93887,22
video_93928,19
video_93954,6
video_93968,8
video_94012,4
video_94080,9
video_94084,28
video_94086,19
video_94091,1
video_94094,28
video_94130,1
video_94163,8
video_94164,3
video_9420,25
video_94219,29
video_94266,8
video_94270,6
video_943,22
video_94308,22
video_94321,23
video_94379,4
video_9438,3
video_94414,22
video_94440,1
video_94450,22
video_94476,22
video_94489,6
video_94510,29
video_94536,0
video_94564,22
video_9457,22
video_94584,8
video_94593,29
video_94619,29
video_94631,29
video_94680,4
video_94697,4
video_94768,22
video_94772,3
video_94782,22
video_9486,19
video_94864,22
video_94913,22
video_94952,19
video_94973,3
video_95016,8
video_95066,6
video_9507,1
video_95144,18
video_95183,8
video_95207,9
video_95223,8
video_95235,8
video_95247,4
video_95259,14
video_95266,3
video_95292,1
video_95297,19
video_95314,8
video_95316,19
video_9532,4
video_95331,3
video_95373,8
video_95401,1
video_95410,4
video_95417,22
video_9547,6
video_95510,19
video_9562,29
video_95630,29
video_95687,4
video_9573,28
video_95735,22
video_95799,3
video_95806,31
video_95810,22
video_95823,22
video_95832,1
video_95850,22
video_95854,4
video_95871,22
video_95887,1
video_95988,29
video_95994,8
video_96046,3
video_9607,6
video_96121,6
video_96131,4
video_96176,8
video_96194,19
video_96235,29
video_96262,19
video_96264,8
video_96269,19
video_96301,8
video_96304,19
video_96335,19
video_96351,3
video_96352,22
video_96403,8
video_96418,0
video_96432,3
video_96435,29
video_96439,1
video_96470,22
video_965,1
video_96501,8
video_96504,22
video_9651,29
video_96514,20
video_96630,13
video_96631,3
video_96637,19
video_96668,19
video_96673,19
video_96680,18
video_967,19
video_9673,19
video_96757,29
video_96761,29
video_96791,8
video_96896,7
video_97004,22
video_97011,22
video_9702,19
video_97026,29
video_97079,25
video_971,22
video_97107,6
video_97167,22
video_97188,3
video_97212,19
video_9724,18
video_97246,4
video_97249,29
video_97286,29
video_97317,22
video_97319,8
video_97328,1
video_97338,23
video_97404,22
video_97411,22
video_97500,0
video_97508,2
video_97514,22
video_97528,22
video_9755,0
video_97627,19
video_97648,1
video_97664,6
video_97758,3
video_97785,9
video_97787,22
video_97864,22
video_97867,22
video_97890,4
video_97956,3
video_97962,29
video_97989,6
video_97990,31
video_98004,29
video_98006,4
video_98064,19
video_98112,19
video_98115,8
video_98138,4
video_98180,19
video_98189,8
video_98289,3
video_98319,6
video_98372,19
video_98373,22
video_98387,8
video_984,3
video_98406,23
video_98424,22
video_98427,9
video_98461,19
video_98471,3
video_98496,4
video_98502,22
video_98504,22
video_98515,29
video_98556,8
video_98565,18
video_98673,3
video_98693,8
video_98711,1
video_98737,1
video_98752,8
video_98762,18
video_98779,6
video_98798,1
video_98807,1
video_98808,18
video_98826,19
video_98856,28
video_98911,29
video_98921,4
video_98950,22
video_98988,22
video_98990,22
video_99015,23
video_99017,8
video_99044,23
video_99058,8
video_9909,4
video_99121,22
video_99153,4
video_99171,4
video_9918,23
video_99188,4
video_99220,9
video_99228,22
video_99230,2
video_99254,19
video_99305,1
video_99315,19
video_99317,22
video_99328,6
video_99335,24
video_99379,18
video_9941,29
video_99412,1
video_99485,6
video_99503,3
video_99532,24
video_9957,22
video_99570,8
video_99591,1
video_99594,3
video_99595,4
video_99603,4
video_99607,22
video_99619,3
video_99701,1
video_99717,4
video_99789,22
video_99805,29
video_99867,3
video_99870,8
video_99886,7
video_99942,29
video_99953,9
